newspaper,title,maintext
yna.kr,실손 '포기' 보험사 속출…삼성생명은 조직 신설로 '고삐' (종합),"[ABL생명 제공=연합뉴스] (서울=연합뉴스) 하채림 김연숙 기자 = 올해 들어 미래에셋생명과 동양생명에 이어 ABL생명도 적자 수렁에 빠진 실손의료보험(실손보험) 판매를 중단한다.  생명보험사의 실손 '포기' 선언이 속출하는 가운데 생보업계 1위 삼성생명은 전담 조직을 신설, 중점 관리에 나섰다.  ABL생명은 다음달 1일 도입되는 새 실손의료보험을 출시하지 않기로 결정했다고 29일 밝혔다.  ABL생명은 이달 말까지 현행 '3세대' 신(新)실손보험을 판매하고 다음달부터는 판매를 중단한다. ABL생명은 ""기존 실손보험의 적은 판매물량과 높은 손해율 등을 고려해 4세대 실손보험을 출시하지 않기로 했다""며 ""기존 실손보험 가입 고객의 전환용으로 4세대 실손보험을 (내부적으로) 운영할 예정""이라고 설명했다.  ABL생명의 계약 보유량은 단체계약을 포함해 11만4천건(명)으로 전체 실손보험 계약량 3천900만건의 1%에도 못 미친다.  앞서 동양생명도 ABL생명과 같은 이유로 4세대 상품을 출시하지 않기로 결정했다.  이에 따라 실손보험을 판매하는 생명보험사는 5곳만 남았다.  AIA생명, 오렌지라이프, 라이나생명 등이 2011∼2013년에 일찌감치 실손보험을 포기했고, 2017∼2019년에 푸본현대생명, KDB생명, KB생명 등이 잇따라 판매를 중단했다. 신한생명과 미래에셋생명[085620]도 각각 작년 12월과 올해 3월부터 취급을 중단했다.  보험업계 관계자는 ""실손보험이 주력 상품인 손해보험업계와 달리 생명보험업계는 적자투성이 실손보험을 더는 판매할 이유가 없다고 판단하는 보험사가 늘어나는 것""이라고 말했다.  손해보험업계에서는 앞서 AXA손해보험 등 3개사가 실손보험 판매를 중단했다. 지난해 실손보험의 보험료수익에서 보험금과 사업비를 뺀 '보험손익'은 2조5천억원 손실을 기록했다. 올해 1분기는 7천억원이 넘을 것으로 추산된다. [촬영 안철수] ◇ 삼성생명 이달 초 실손심사파트 신설 생보사들이 실손 판매를 잇따라 포기하고 있지만 업계 1위 삼성생명은 되레 고삐를 죄는 모습이다.  이달 초 인사에서 삼성생명은 보험금지급심사팀 산하의 보험금심사파트에서 실손심사파트를 분리시켰다.  삼성생명 관계자는 ""실손 보험금 업무가 많아 파트를 신설했다""며 ""기획이나 신규 업무가 부여된 것은 아니다""고 설명했다.  보험업계 관계자는 ""실손보험이 손해를 많이 보는 상품이긴 하지만 고객 접점을 만드는 중요한 역할을 한다""며, ""삼성생명은 실손보험을 포기하기보다는 관리 강화로 대응하려는 것""이라고 말했다. "
yna.kr,"푸본현대생명 ""4천580억원 유상증자 완료…RBC비율 225%""","[푸본현대생명 제공] (서울=연합뉴스) 하채림 기자 = 대만계 푸본현대생명은 4천580억원 규모 유상증자를 완료했다고 28일 밝혔다.  앞서 올해 1월 푸본현대생명은 이사회에서 유상증자 계획을 의결했으며, 이달 24일 주금 납입을 마쳤다.  이번 유상증자로 푸본현대생명의 지급여력(RBC) 비율은 3월 말 기준 178%에서 225%로 오르게 된다. RBC 비율은 보험사의 자본량(가용자본)을 손실금액(요구자본)으로 나눈 값으로, 보험사 재무 건전성을 측정하는 핵심 지표다. 보험업법 기준은 100%이나 금융감독원은 150% 이상을 권고한다.  푸본현대생명은 ""지속적인 총자산 성장과 영업 확대에 따른 적정 RBC 비율을 유지하고 2023년 도입 예정인 새 국제회계기준(IFRS17)에 선제적으로 대응하고자 유상증자를 단행했다""고 설명했다.  이번 증자에 따라 최대주주인 대만 푸본생명의 지분율은 62.1%에서 77.4%로 확대됐다. 현대차그룹은 유상증자에 불참해 지분율이 37.5%에서 22.3%로 축소됐다.  대만 푸본생명의 한국 투자액은 우리금융지주[316140](지분율 4%)를 포함해 1조2천700억원으로 늘었다. 푸본현대생명의 올해 3월 말 총자산은 18조5천782억원이다. 퇴직연금 자산이 8조8천715억원으로 삼성생명[032830]에 이어 2위 규모다. "
biz.chosun.com,"1.5兆 자금수혈 필요한 이마트, 9300억 삼성생명 주식 활용 여부 촉각","content"":""신세계그룹 이마트가 이베이코리아 지분 80%를 3조4400억원에 인수하려면 보유한 현금 외에 1조5000억원 규모의 자금 수혈이 필요할 것으로 추정된다. 이마트는 보유한 부동산 장부가액만 17조원에 달해 자산 유동화를 통해 현금을 충분히 마련할 수 있다는 입장이다. 증권업계에선 지난 2015년에 이어 신세계그룹이 삼성그룹 시절부터 보유한 9300억원 규모의 삼성생명 주식이 활용될지 주목하고 있다."",""type"":""text""},{""_id"":""THY3KSOX6ZH63MWE5RI2BM47WM"",""caption"":""정용진 신세계그룹 부회장(왼쪽)과 정유경 신세계그룹 백화점부문 총괄사장. / 신세계그룹 제공"",""credits"":{""affiliation"":[]},""height"":739,""resizedUrls"":{""article_leadart"":""https://chosunbiz-chosunbiz-prod.cdn.arcpublishing.com/resizer/vpBn-0itOU9rMqnE1mr2S8h_i5U=/1152x739/smart/cloudfront-ap-northeast-1.images.arcpublishing.com/chosunbiz/THY3KSOX6ZH63MWE5RI2BM47WM.png"",""article_leadart_lg"":""https://chosunbiz-chosunbiz-prod.cdn.arcpublishing.com/resizer/vpBn-0itOU9rMqnE1mr2S8h_i5U=/1152x739/smart/cloudfront-ap-northeast-1.images.arcpublishing.com/chosunbiz/THY3KSOX6ZH63MWE5RI2BM47WM.png"",""article_lg"":""https://chosunbiz-chosunbiz-prod.cdn.arcpublishing.com/resizer/edIdMjhgFucJ8DmgxLNAISp1VOM=/616x0/smart/cloudfront-ap-northeast-1.images.arcpublishing.com/chosunbiz/THY3KSOX6ZH63MWE5RI2BM47WM.png"",""article_md"":""https://chosunbiz-chosunbiz-prod.cdn.arcpublishing.com/resizer/M7oakvTn5qCwQBQhbsEclESHMZw=/464x0/smart/cloudfront-ap-northeast-1.images.arcpublishing.com/chosunbiz/THY3KSOX6ZH63MWE5RI2BM47WM.png"",""article_sm"":""https://chosunbiz-chosunbiz-prod.cdn.arcpublishing.com/resizer/MKXg2LiUy1OX7wodwPd6My4WlwQ=/216x0/smart/cloudfront-ap-northeast-1.images.arcpublishing.com/chosunbiz/THY3KSOX6ZH63MWE5RI2BM47WM.png"",""social_share"":""https://chosunbiz-chosunbiz-prod.cdn.arcpublishing.com/resizer/hUD3cbd2LLHZciNhLovXuhoAjfU=/1152x604/smart/cloudfront-ap-northeast-1.images.arcpublishing.com/chosunbiz/THY3KSOX6ZH63MWE5RI2BM47WM.png""},""type"":""image"",""url"":""https://cloudfront-ap-northeast-1.images.arcpublishing.com/chosunbiz/THY3KSOX6ZH63MWE5RI2BM47WM.png"",""width"":1152},{""_id"":""QSBXRCRKOFC4XBP5XV2P55HKNY"",""content"":""<span name=\""stock\"" id=\""stock_139480\"">이마트(139480)</span>가 지난달 17일 공시한 분기보고서에 따르면 1년 이내에 현금화가 가능한 현금성자산(현금 및 현금성자산+기타단기금융자산-사용제한금융상품)은 1조600억원 규모다. 여기에 △지난달 이마트 가양점 건물·토지를 현대건설 컨소시엄에 매각하면서 확보한 6820억원 △신세계프라퍼티에 경기도 남양주시 별내동 토지를 양도하면서 마련한 750억원 △베트남 현지 기업에 베트남 이마트 지분 100%를 매각해 확보한 돈을 합하면 9000억원 규모다."",""type"":""text""},{""_id"":""ILT5ELQ7HJCSNHBJ4X4BSZVBA4"",""content"":""전날 미국 이베이 본사와 이베이코리아 지분 80%를 3조4400억원에 인수하기로 한 점을 감안하면 이마트는 1조5000억원의 추가 자금을 마련해야 한다. 이마트는 신세계그룹이 보유한 전국 주요 점포와 투자부동산 중 일부를 매각하거나 세일즈앤리스백(매각 후 재임대) 하거나, 부동산 담보로 은행 대출을 받는 방식으로 충분히 현금을 마련할 수 있다는 입장이다. 이마트와 신세계가 보유한 유형자산과 투자부동산에서 담보 제공분을 제외한 자산의 장부가액은 3월 말 기준 각각 10조1300억원, 6조9000억원이다."",""type"":""text""},{""_id"":""QII7QCC4VRGBHJZSS53EQA5PKA"",""content"":""신용평가사와 증권업계에선 부동산 자산 외에 이마트가 보유한 삼성생명 주식을 매각할 지 여부에 주목하고 있다. 신세계그룹은 지난 1997년 삼성그룹에서 계열 분리됐지만, 그 이전부터 보유하고 있던 삼성생명 주식을 여전히 가지고 있다. 3월 말 기준 주식 수는 1176만2667주(지분율 5.88%)로 전날 종가(7만9300원) 기준 지분가치는 9327억원에 이른다. 삼성생명 주가가 1년 전 대비 76% 오르며 지분가치가 큰 폭으로 늘었다."",""type"":""text""},{""_id"":""OUBZKDLILZEGJGZKSXLP5A4EUQ"",""content"":""정용진 신세계그룹 부회장은 지난 2011년 해외 투자기관을 대상으로 한 컨퍼런스에서 “삼성생명 주식을 미래 성장을 위한 투자 확보와 수익성 개선에 적극 활용하겠다”고 공개적으로 밝힌 데 이어 2015년 5월 신세계와 함께 300만주씩 매각해 총 6552억원을 확보했다. 당시 업계에선 신세계와 이마트가 서울 시내면세점 입찰에 뛰어들기로 하면서 면세점 사업에 쓸 실탄을 마련하기 위해 지분 매각에 나섰다고 분석했다. 이후 이마트 재구무조가 악화될 때마다 남은 삼성생명 지분이 활용될 것이란 추측이 수차례 제기됐다."",""type"":""text""},{""_id"":""D3JT3WIVGRCTBNM2CX7WVVJ2NU"",""content"":""국내 신용평가사의 한 관계자는 “부동산을 매각하면 자본수익은 발생하지만 그 점포에서 하던 사업을 중단해야 하고, 세일즈앤리스백은 임차료를 내야 하기 때문에 수익성이 악화된다”며 “오프라인에서 온라인으로 사업 무게 중심을 옮기는 관점에서는 합리적인 결정이라고 볼 수 있지만 가장 현금화가 쉽고 사업 기반에 미치는 영향을 최소화 할 수 있는 건 삼성생명 지분을 매각하는 것”이라고 말했다."",""type"":""text""},{""_id"":""YGQLJLQTFFCSVMPRLSKYHV2SAI"",""content"":""일각에선 신세계그룹이 이베이코리아 이외에도 추가 인수합병(M&amp;A)을 계속 추진할 계획이어서 2~3년 간 자금 지출이 계속될 것이란 점을 감안해 현금화가 빨리 되는 삼성생명 주식을 최후의 보루로 남겨둘 거라고 보는 시각도 있다. 이마트는 모바일 배달 애플리케이션(앱) 2위 업체인 요기요, 스타벅스코리아 잔여 지분 50%, 신세계는 국산 보툴리눔 톡신 제제(보톡스)·필러 시장 1위 업체 휴젤 인수를 검토하고 있다. 각 업체의 기업가치는 조(兆) 단위로 추정된다."",""type"":""text""}],"""
yna.kr,"삼성생명 ""친환경금융에 2030년까지 20조원 이상 투자""","[연합뉴스 자료사진] (세종=연합뉴스) 하채림 기자 = 삼성생명[032830]이 2030년까지 20조원 이상을 '친환경 금융'에 투자한다.  삼성생명은 최근 환경·사회·지배구조(ESG)위원회를 열어 '녹색·상생·투명금융 2030 3대 중장기 ESG 전략'을 수립했다고 3일 밝혔다.  삼성생명은 2030년까지 신재생 에너지, ESG 채권 등 친환경 금융 분야에 20조원 이상을 투자한다는 '녹색금융' 목표를 세웠다. 탄소 배출량을 50% 감축하고 종이 사용량도 60% 줄일 계획이다.  또 '상생금융' 전략에 따라 고객 중심 경영 프로세스를 구축하며, 임직원의 성장과 양성평등 조직 문화를 확립해 행복한 일터를 구현하기로 했다.  '투명금융'을 위해 이사회의 전문성, 다양성, 독립성을 제고하고 윤리경영 안착에 노력하는 동시에 ESG 경영활동이 일상 기업문화로 자리 잡도록 힘쓰기로 다짐했다.  한편 삼성생명은 ESG 경영에 관한 국제협약인 지속가능보험원칙(PSI)과 탄소정보공개프로젝트(CDP)에 추가로 가입했다. 앞서 3월에는 '기후변화 관련 재무정보 공개 국제기구(TCFD)에 합류했다. "
yna.kr,"삼성 준법위 ""삼성 계열사 노사교섭 현황 점검…준법 당부""","[연합뉴스 자료사진] (서울=연합뉴스) 김철선 기자 = 삼성 그룹의 준법경영을 감독하는 기구인 삼성 준법감시위원회가 삼성전자[005930] 등 주요 계열사의 노사교섭 현황을 점검했다. 준법위는 15일 서울 서초구 삼성생명[032830] 서초타워에서 정기회의를 열고, 삼성전자와 삼성SDI[006400], 삼성전기[009150] 등 7개 협약사의 인사 담당자로부터 노조 현황 및 노사 교섭 상황을 보고 받았다고 밝혔다. 지난해 이재용 삼성전자 부회장이 '무노조 경영' 폐기 선언을 한 이후 삼성전자는 노조 공동교섭단과 단체협약 체결을 위해 지난해 말부터 교섭을 진행하고 있다. 준법위는 각 계열사에 향후 교섭 과정에서 관련 법률을 준수하고, 상호 협력적 노사문화 정착의 계기로 삼아 달라고 당부했다고 밝혔다. 다만 최근 임금교섭 결렬로 노조가 쟁의행위를 추진하고 있는 삼성디스플레이는 준법위와 협약을 맺은 계열사가 아니기 때문에 이날 논의 대상에서 제외됐다. 한편 준법위는 그룹 차원의 일감 몰아주기 의혹이 제기된 삼성웰스토리 부당지원 사건에 대해서도 이날 담당자로부터 계약 내용과 경과를 보고 받았다. 공정거래위원회가 현재 이 사건에 대해 심의를 진행하고 있는 만큼, 준법위는 공정위 최종 결론을 검토하고 향후 진행 상황에 따라 논의를 이어가기로 했다."
yna.kr,ABL생명도 실손보험 포기 '저울질'…다음달 판매 잠정 중단,"[연합뉴스 자료사진] (서울=연합뉴스) 하채림 기자 = 다음달 1일 '4세대' 실손의료보험(실손보험) 도입을 앞두고 ABL생명이 실손보험 판매 중단을 검토하고 있다.  ABL생명 관계자는 ""4세대 실손보험 출시 여부를 아직 결정하지 못했다""고 14일 밝혔다.  다음달 1일 실손보험은 비급여(건강보험 미적용) 진료 이용량에 따라 보험료 할인·할증이 적용되는 상품으로 구조가 바뀐다. 기존 '3세대' 신(新)실손보험은 더는 팔리지 않는다. 새 상품 판매를 위한 준비에 필요한 시간을 고려하면 ABL생명은 다음달부터 실손보험 판매를 잠정 중단하게 된다.  ABL생명 관계자는 ""4세대 실손을 취급할지 아직 저울질하고 있기 때문에 다음달 1일 출시는 불가능하다""고 말했다.  ABL생명은 실손보험이 팔수록 손해가 나는 상품인데다 계약 보유량도 단체계약을 포함해 11만4천건(명)에 그쳐 판매 중단을 고심하는 것으로 전해졌다.  ABL생명이 판매를 중단한다면 실손보험을 판매하는 생명보험사는 6곳만 남게 된다. AIA생명, 오렌지라이프, 라이나생명 등이 2011∼2013년에 일찌감치 실손보험을 포기했고, 2017∼2019년에 푸본현대생명, KDB생명, KB생명 등이 잇따라 판매를 중단했다. 신한생명과 미래에셋생명[085620]도 각각 작년 12월과 올해 3월부터 취급을 중단했다.  실손보험이 주력 상품인 손해보험업계와 달리 생명보험업계는 적자투성이 실손보험을 더는 판매할 이유가 없다고 판단하는 보험사가 늘어나는 것이다. [장현경 제작] 일러스트 교보생명과 한화생명[088350] 등은 현재 4세대 상품 준비 작업이 끝나지 않은 상태로, 출시 일정이 늦어질 수도 있다고 설명했다.  교보생명 관계자는 ""다음달 중에 4세대 실손보험을 출시 예정이나 정확한 일정은 정해지지 않았다""고 전했다.  생명보험업계 1위 삼성생명[032830]은 다음달 1일부터 4세대 상품을 판매할 계획이다.  손해보험업계는 중단 없이 다음달 1일부터 4세대 상품으로 전환할 예정이다. 손해보험업계에서는 앞서 AXA손해보험 등 3개사가 실손보험 판매를 중단했다. 지난해 실손보험의 보험료수익에서 보험금과 사업비를 뺀 '보험손익'은 2조5천억원 손실을 기록했다. 올해 1분기는 7천억원이 넘을 것으로 추산된다. "
yna.kr,파업 초읽기·일감 몰아주기 의혹에도…존재감없는 삼성 준법위,"(서울=연합뉴스) 김지형 삼성 준법감시위원장이 올해 1월 서울 서초구 삼성 사옥에서 열린 삼성준법감시위원회의 7개 협약사 최고경영진 간담회에 참석하는 모습. [연합뉴스 자료사진] (서울=연합뉴스) 김철선 기자 = 삼성의 준법 경영을 감시하겠다며 출범한 삼성 준법감시위원회(이하 준법위)가 최근 삼성 내부 노사 문제와 '일감 몰아주기' 의혹 등 굵직한 이슈에도 제 목소리를 내지 않고 있다. 준법위는 지난해 이재용 삼성전자 부회장에게 대국민 사과를 권고하며 '무노조 경영' 철폐 선언을 이끌어내기도 했지만, 올해 초 이 부회장의 실형 확정 이후로 존재감이 약한 모습이다. '준법위의 실효성이 부족하다'고 지적한 이 부회장 파기환송심 재판부의 판단에 당시 준법위는 ""결과로 실효성을 증명해내겠다""고 했는데, 앞으로 준법위가 내놓을 목소리에 관심이 쏠린다.(아산=연합뉴스) 지난달 충남 아산시 탕정면 삼성디스플레이 아산 2캠퍼스 앞에서 삼성디스플레이 노조원들이 임금협상 결렬 관련 규탄 집회를 열고 있는 모습. [연합뉴스 자료사진] ◇ 삼성디스플레이 창사 첫 파업에도…""협약사 아니라 개입 못 해"" 20일 업계에 따르면 준법위는 지난 15일 정기회의에서 삼성전자 등 7개 협약사의 노조 현황과 노사 교섭 상황을 점검했다. 하지만 창사 후 첫 파업 사태를 앞둔 삼성디스플레이 상황은 논의되지 않았다. 삼성디스플레이가 준법위와 협약을 체결한 협약사가 아니라는 이유였다. 준법위는 지난해 2월 출범 당시 삼성전자와 삼성전기[009150], 삼성SDI[006400], 삼성SDS, 삼성생명[032830], 삼성화재[000810], 삼성물산[028260] 등 7개 계열사와 협약을 체결했다. 삼성디스플레이는 삼성전자가 지분 84.78％를 보유한 자회사다. 삼성디스플레이가 삼성전자에 종속된 기업이지만, 준법위는 삼성디스플레이와 직접적으로 협약을 체결하지 않았기 때문에 개입할 수 없다는 입장이다. 올해 초부터 노조와 임금협상을 벌여온 삼성디스플레이는 최근 노사 간 최악의 갈등 국면을 겪고 있다. 협상이 결렬되면서 노조가 21일부터 간부를 중심으로 파업에 들어가겠다고 선포해 삼성디스플레이 창사 이후 첫 파업이 눈앞이다. 이 과정에서 노조가 사내 전산망을 이용해 보낸 설문조사 메일을 회사가 임의로 삭제해 노동 당국으로부터 부당노동행위라는 지적을 받기도 했지만, 준법위는 역시 협약사가 아니라는 이유로 개입하지 않았다. 준법위 관계자는 ""준법위는 협약에 따라 활동하는데, 협약사가 아닌 법인에 관해 논의하는 것이 적절하지 않고 권고 대상도 아니다""며 ""준법 의무 위반 신고·제보도 협약사가 아닐 경우 사건이 종결된다""고 설명했다. 출범 당시만 해도 협약사 규모를 늘려나갈 방침이었던 준법위는 현재 논의하고 있는 협약사 확대 계획은 없다고 밝혔다.(서울=연합뉴스) 조성욱 공정거래위원장이 4월 5일 서울 강서구 LG사이언스파크에서 열린 '8대 대기업집단 단체급식 일감 개방 선포식'에 기업 대표들과 입장하고 있는 모습. [연합뉴스 자료사진] ◇ 구내식당 '일감 몰아주기' 의혹엔 ""작년에 권고…조사는 역량 부족"" 준법위 회의에서는 구내식당 '일감 몰아주기' 의혹이 제기된 삼성웰스토리에 관한 논의도 있었지만, 별다른 조치는 없었다. 준법위는 담당자로부터 삼성웰스토리 수의계약 관련 경과를 보고 받았고, 공정거래위원회의 조사 결과가 나오면 진행 상황에 따라 논의를 이어가기로 했다고 밝혔다. 공정위는 2018년부터 삼성그룹이 급식업체인 삼성웰스토리를 부당지원했는지를 조사하고 있다. 삼성웰스토리는 2013년 삼성에버랜드의 급식·식자재 유통사업 부문을 분할해 설립된 회사로, 이재용 부회장 등 총수일가 지분이 높은 삼성물산의 완전 자회사다. 삼성웰스토리 부당지원은 삼성전자, 삼성디스플레이, 삼성전기, 삼성SDI 4개사가 사내급식 물량 100%를 삼성웰스토리에 몰아주고 유리한 조건으로 거래했다는 것이 골자다. 작년 삼성전자의 삼성웰스토리 수의계약 금액은 4천400억원 규모다. 준법위는 지난해 상반기 삼성전자와 삼성SDI, 삼성전기 등 3사에 삼성웰스토리 수의계약 대신 구내식당 공개입찰을 하라는 취지로 이미 권고했다는 입장이다. 하지만 지난해 삼성웰스토리 수의계약에는 변화가 없었고, 올해 들어서야 삼성전자는 38개 구내식당 중 2곳을 외부 업체에 개방하기로 했다. 준법위는 매달 정기회의에서 협약사 내부거래에 위법 소지가 있는지 검토하지만, 2018년부터 일감 몰아주기 의혹이 제기된 삼성웰스토리 사안에 대해서는 별도로 조사하지 않았다. 준법위 관계자는 ""모든 수의계약에 불법성이 있다고 보긴 어렵고, 위원회가 이 사안을 직접 조사하기에는 역량이 부족했다""며 ""공정위 조사 결과가 발표되면 후속 논의할 계획""이라고 설명했다. 공정위는 조만간 삼성웰스토리 관련 제재 수위를 확정해 발표할 것으로 알려졌다.(서울=연합뉴스) = 이재용 삼성전자 부회장이 올해 1월 18일 서울 서초구 서울고등법원에서 열린 '국정농단' 사건 파기환송심 선고 공판에 출석하는 모습. 재판부는 이날 뇌물공여 등 혐의로 기소된 이 부회장에게 징역 2년 6개월을 선고했다. [연합뉴스 자료사진] ◇ 이재용 재판으로 출범한 준법위, 형 확정에도 제 역할 하나 준법위는 이재용 부회장의 국정농단 사건 파기환송심을 맡았던 서울고법 재판부가 삼성 내부 준법감시제도 마련 등을 주문한 것을 계기로 출범한 조직이다. 정준영 부장판사는 공판이 진행되는 동안 ""정치 권력으로부터 또다시 뇌물 요구를 받더라도 응하지 않을 그룹 차원의 답을 가져오라""고 주문했고, 삼성은 준법위 설립으로 화답했다. 김지형 전 대법관을 위원장으로 지난해 2월 출범한 준법위는 외형상 삼성의 지시를 받지 않는 독립조직으로 꾸려졌다. 올해 1월 재판부는 준법위의 실효성이 부족하다고 결론짓고 이 부회장의 양형에 반영하지 않겠다며 징역 2년 6개월의 실형을 선고했다. 이런 재판부의 판단이 나오면서 준법위가 지속할 명분이 약해졌다는 지적이 제기됐지만 이재용 부회장이 옥중에서 ""준법위 활동을 계속 지원하겠다""고 선언했고 준법위 역시 ""결과로 실효성을 증명해 내겠다""고 반박했다. 준법위 측은 이 부회장의 형 확정 이후에도 위원회의 지위와 역할에 변화가 없으며, 삼성 계열사의 준법경영 감시라는 기존 역할을 다한다는 입장이다. 준법위 관계자는 ""올해 3월 삼성전자 사업지원TF와 면담하는 등 준법 리스크 대응을 위해 꾸준히 활동하고 있다""며 ""강제성이 없는 권고 기관으로서 준법위 소임을 다하고 있다고 생각한다""고 말했다."
www.investchosun.com,[Invest]유상증자 앞둔 삼성중공업...1조 빅딜 주관 누가 할까,자
yna.kr,"푸본현대생명 ""4천580억원 유상증자 완료…RBC비율 225%""","[푸본현대생명 제공] (서울=연합뉴스) 하채림 기자 = 대만계 푸본현대생명은 4천580억원 규모 유상증자를 완료했다고 28일 밝혔다.  앞서 올해 1월 푸본현대생명은 이사회에서 유상증자 계획을 의결했으며, 이달 24일 주금 납입을 마쳤다.  이번 유상증자로 푸본현대생명의 지급여력(RBC) 비율은 3월 말 기준 178%에서 225%로 오르게 된다. RBC 비율은 보험사의 자본량(가용자본)을 손실금액(요구자본)으로 나눈 값으로, 보험사 재무 건전성을 측정하는 핵심 지표다. 보험업법 기준은 100%이나 금융감독원은 150% 이상을 권고한다.  푸본현대생명은 ""지속적인 총자산 성장과 영업 확대에 따른 적정 RBC 비율을 유지하고 2023년 도입 예정인 새 국제회계기준(IFRS17)에 선제적으로 대응하고자 유상증자를 단행했다""고 설명했다.  이번 증자에 따라 최대주주인 대만 푸본생명의 지분율은 62.1%에서 77.4%로 확대됐다. 현대차그룹은 유상증자에 불참해 지분율이 37.5%에서 22.3%로 축소됐다.  대만 푸본생명의 한국 투자액은 우리금융지주[316140](지분율 4%)를 포함해 1조2천700억원으로 늘었다. 푸본현대생명의 올해 3월 말 총자산은 18조5천782억원이다. 퇴직연금 자산이 8조8천715억원으로 삼성생명[032830]에 이어 2위 규모다. "
biz.chosun.com,"1.5兆 자금수혈 필요한 이마트, 9300억 삼성생명 주식 활용 여부 촉각","content"":""신세계그룹 이마트가 이베이코리아 지분 80%를 3조4400억원에 인수하려면 보유한 현금 외에 1조5000억원 규모의 자금 수혈이 필요할 것으로 추정된다. 이마트는 보유한 부동산 장부가액만 17조원에 달해 자산 유동화를 통해 현금을 충분히 마련할 수 있다는 입장이다. 증권업계에선 지난 2015년에 이어 신세계그룹이 삼성그룹 시절부터 보유한 9300억원 규모의 삼성생명 주식이 활용될지 주목하고 있다."",""type"":""text""},{""_id"":""THY3KSOX6ZH63MWE5RI2BM47WM"",""caption"":""정용진 신세계그룹 부회장(왼쪽)과 정유경 신세계그룹 백화점부문 총괄사장. / 신세계그룹 제공"",""credits"":{""affiliation"":[]},""height"":739,""resizedUrls"":{""article_leadart"":""https://chosunbiz-chosunbiz-prod.cdn.arcpublishing.com/resizer/vpBn-0itOU9rMqnE1mr2S8h_i5U=/1152x739/smart/cloudfront-ap-northeast-1.images.arcpublishing.com/chosunbiz/THY3KSOX6ZH63MWE5RI2BM47WM.png"",""article_leadart_lg"":""https://chosunbiz-chosunbiz-prod.cdn.arcpublishing.com/resizer/vpBn-0itOU9rMqnE1mr2S8h_i5U=/1152x739/smart/cloudfront-ap-northeast-1.images.arcpublishing.com/chosunbiz/THY3KSOX6ZH63MWE5RI2BM47WM.png"",""article_lg"":""https://chosunbiz-chosunbiz-prod.cdn.arcpublishing.com/resizer/edIdMjhgFucJ8DmgxLNAISp1VOM=/616x0/smart/cloudfront-ap-northeast-1.images.arcpublishing.com/chosunbiz/THY3KSOX6ZH63MWE5RI2BM47WM.png"",""article_md"":""https://chosunbiz-chosunbiz-prod.cdn.arcpublishing.com/resizer/M7oakvTn5qCwQBQhbsEclESHMZw=/464x0/smart/cloudfront-ap-northeast-1.images.arcpublishing.com/chosunbiz/THY3KSOX6ZH63MWE5RI2BM47WM.png"",""article_sm"":""https://chosunbiz-chosunbiz-prod.cdn.arcpublishing.com/resizer/MKXg2LiUy1OX7wodwPd6My4WlwQ=/216x0/smart/cloudfront-ap-northeast-1.images.arcpublishing.com/chosunbiz/THY3KSOX6ZH63MWE5RI2BM47WM.png"",""social_share"":""https://chosunbiz-chosunbiz-prod.cdn.arcpublishing.com/resizer/hUD3cbd2LLHZciNhLovXuhoAjfU=/1152x604/smart/cloudfront-ap-northeast-1.images.arcpublishing.com/chosunbiz/THY3KSOX6ZH63MWE5RI2BM47WM.png""},""type"":""image"",""url"":""https://cloudfront-ap-northeast-1.images.arcpublishing.com/chosunbiz/THY3KSOX6ZH63MWE5RI2BM47WM.png"",""width"":1152},{""_id"":""QSBXRCRKOFC4XBP5XV2P55HKNY"",""content"":""<span name=\""stock\"" id=\""stock_139480\"">이마트(139480)</span>가 지난달 17일 공시한 분기보고서에 따르면 1년 이내에 현금화가 가능한 현금성자산(현금 및 현금성자산+기타단기금융자산-사용제한금융상품)은 1조600억원 규모다. 여기에 △지난달 이마트 가양점 건물·토지를 현대건설 컨소시엄에 매각하면서 확보한 6820억원 △신세계프라퍼티에 경기도 남양주시 별내동 토지를 양도하면서 마련한 750억원 △베트남 현지 기업에 베트남 이마트 지분 100%를 매각해 확보한 돈을 합하면 9000억원 규모다."",""type"":""text""},{""_id"":""ILT5ELQ7HJCSNHBJ4X4BSZVBA4"",""content"":""전날 미국 이베이 본사와 이베이코리아 지분 80%를 3조4400억원에 인수하기로 한 점을 감안하면 이마트는 1조5000억원의 추가 자금을 마련해야 한다. 이마트는 신세계그룹이 보유한 전국 주요 점포와 투자부동산 중 일부를 매각하거나 세일즈앤리스백(매각 후 재임대) 하거나, 부동산 담보로 은행 대출을 받는 방식으로 충분히 현금을 마련할 수 있다는 입장이다. 이마트와 신세계가 보유한 유형자산과 투자부동산에서 담보 제공분을 제외한 자산의 장부가액은 3월 말 기준 각각 10조1300억원, 6조9000억원이다."",""type"":""text""},{""_id"":""QII7QCC4VRGBHJZSS53EQA5PKA"",""content"":""신용평가사와 증권업계에선 부동산 자산 외에 이마트가 보유한 삼성생명 주식을 매각할 지 여부에 주목하고 있다. 신세계그룹은 지난 1997년 삼성그룹에서 계열 분리됐지만, 그 이전부터 보유하고 있던 삼성생명 주식을 여전히 가지고 있다. 3월 말 기준 주식 수는 1176만2667주(지분율 5.88%)로 전날 종가(7만9300원) 기준 지분가치는 9327억원에 이른다. 삼성생명 주가가 1년 전 대비 76% 오르며 지분가치가 큰 폭으로 늘었다."",""type"":""text""},{""_id"":""OUBZKDLILZEGJGZKSXLP5A4EUQ"",""content"":""정용진 신세계그룹 부회장은 지난 2011년 해외 투자기관을 대상으로 한 컨퍼런스에서 “삼성생명 주식을 미래 성장을 위한 투자 확보와 수익성 개선에 적극 활용하겠다”고 공개적으로 밝힌 데 이어 2015년 5월 신세계와 함께 300만주씩 매각해 총 6552억원을 확보했다. 당시 업계에선 신세계와 이마트가 서울 시내면세점 입찰에 뛰어들기로 하면서 면세점 사업에 쓸 실탄을 마련하기 위해 지분 매각에 나섰다고 분석했다. 이후 이마트 재구무조가 악화될 때마다 남은 삼성생명 지분이 활용될 것이란 추측이 수차례 제기됐다."",""type"":""text""},{""_id"":""D3JT3WIVGRCTBNM2CX7WVVJ2NU"",""content"":""국내 신용평가사의 한 관계자는 “부동산을 매각하면 자본수익은 발생하지만 그 점포에서 하던 사업을 중단해야 하고, 세일즈앤리스백은 임차료를 내야 하기 때문에 수익성이 악화된다”며 “오프라인에서 온라인으로 사업 무게 중심을 옮기는 관점에서는 합리적인 결정이라고 볼 수 있지만 가장 현금화가 쉽고 사업 기반에 미치는 영향을 최소화 할 수 있는 건 삼성생명 지분을 매각하는 것”이라고 말했다."",""type"":""text""},{""_id"":""YGQLJLQTFFCSVMPRLSKYHV2SAI"",""content"":""일각에선 신세계그룹이 이베이코리아 이외에도 추가 인수합병(M&amp;A)을 계속 추진할 계획이어서 2~3년 간 자금 지출이 계속될 것이란 점을 감안해 현금화가 빨리 되는 삼성생명 주식을 최후의 보루로 남겨둘 거라고 보는 시각도 있다. 이마트는 모바일 배달 애플리케이션(앱) 2위 업체인 요기요, 스타벅스코리아 잔여 지분 50%, 신세계는 국산 보툴리눔 톡신 제제(보톡스)·필러 시장 1위 업체 휴젤 인수를 검토하고 있다. 각 업체의 기업가치는 조(兆) 단위로 추정된다."",""type"":""text""}],"""
biz.chosun.com,"푸본현대생명, 4580억원 유상증자… “IFRS17 선제 대응”","content"":""푸본현대생명이 4580억원 규모 유상증자를 마쳤다고 28일 밝혔다. "",""type"":""text""},{""_id"":""SXAZB2JS7RBQBPBI6BEVBADM2E"",""content"":""지난 1월 푸본현대생명은 이사회에서 유상증자계획을 의결했고, 이달 24일 주금 납입을 마쳤다. 이번 유상증자로 푸본현대생명의 지급여력(RBC) 비율은 3월 말 기준 178%에서 225%로 오른다. RBC 비율은 보험사의 자본량(가용자본)을 손실금액(요구자본)으로 나눈 값으로 보험사 재무 건전성을 측정하는 핵심 지표다. 보험업법 기준은 100%지만, 금융감독원은 150% 이상을 권고한다. "",""type"":""text""},{""_id"":""NLFVYWJUABEGTCUPL6JKMQ633Y"",""content"":""푸본현대생명은 “지속적인 총자산 성장과 영업 확대에 따른 적정 RBC 비율을 유지하고 2023년 도입 예정인 새 국제회계기준(IFRS17)에 선제적으로 대응하고자 유상증자를 단행했다”고 설명했다."",""type"":""text""},{""_id"":""5XEDFWHXOBBEDJ42HBS3JR5SFM"",""content"":""이번 증자에 따라 최대주주인 대만 푸본생명의 지분율은 62.1%에서 77.4%로 늘었다. 현대차그룹은 유상증자에 불참해 지분율이 37.5%에서 22.3%로 줄었다. 대만 푸본생명의 국내시장 투자액은 우리금융지주(지분율 4%)를 포함해 1조2700억원으로 늘었다. 대만 푸본생명은 2015년 12월 2200억원, 2018년 9월 2336억원, 2021년 6월 4580억원을 푸본현대생명에 투자했다. 2019년 11월에는 3585억원을 우리금융지주에 투자했다. "",""type"":""text""},{""_id"":""DBCNJ6UVFNFK7BJ2EE4IU2S5WU"",""content"":""푸본현대생명의 올해 3월 말 총자산은 18조5782억원이다. 2017년말(13조137억원) 대비 43% 성장했다. 퇴직연금 자산은 8조8715억원으로 삼성생명에 이어 2위 규모다. 당기순이익 규모 역시 2018년 540억원 흑자전환 이후, 2019년에는 842억원, 2020년에는 853억원으로 꾸준히 늘고 있다. 올해 1분기에는 해외투자 수익에 힘입어 당기순이익 893억원을 기록했다."",""type"":""text""},{""_id"":""LLADXEL2NNEN7DPPBMIVEBGHOI"",""content"":""푸본현대생명은 “퇴직연금 시장에서 우위를 확보하면서 지속적인 성장세를 유지하려 한다”며 “BA(방카슈랑스)채널에서는 저축성과 보장성을 혼합한 상품 포트폴리오를 개선해 수익성을 높일 계획”이라고 밝혔다."",""type"":""text""}],"""
biz.chosun.com,"제일기획, 삼성생명 ‘공감’ 캠페인 제작","content"":""고객들의 다양한 삶의 모습을 진정성 있게 공감해 주는 <span name=\""stock\"" id=\""stock_032830\"">삼성생명(032830)</span> 광고가 눈길을 끌고 있다."",""type"":""text""},{""_id"":""PTCPERLUN5FC5BRKT2GPPVYYLY"",""content"":""18일 업계에 따르면 <span name=\""stock\"" id=\""stock_030000\"">제일기획(030000)</span>이 제작한 삼성생명의 ‘인생맞춤, 인생보험’ 광고는 불확실성이 높은 시대를 살고 있는 고객들의 다양한 삶에 발맞춰 함께 나아가는 삼성생명의 모습을 담은 점이 특징이다. "",""type"":""text""},{""_id"":""DTTAB35LA5EM7DWKTPZSXI6NNM"",""caption"":""제일기획이 제작한 삼성생명 광고 이미지. /제일기획 제공"",""credits"":{""affiliation"":[]},""height"":972,""resizedUrls"":{""article_leadart"":""https://chosunbiz-chosunbiz-prod.cdn.arcpublishing.com/resizer/rKFx3_13wWmIyu-DAHIjBGGPD8U=/1280x0/smart/cloudfront-ap-northeast-1.images.arcpublishing.com/chosunbiz/DTTAB35LA5EM7DWKTPZSXI6NNM.jpg"",""article_leadart_lg"":""https://chosunbiz-chosunbiz-prod.cdn.arcpublishing.com/resizer/IACqLUZRPND2qci7SYorAxiiUqg=/1728x972/smart/cloudfront-ap-northeast-1.images.arcpublishing.com/chosunbiz/DTTAB35LA5EM7DWKTPZSXI6NNM.jpg"",""article_lg"":""https://chosunbiz-chosunbiz-prod.cdn.arcpublishing.com/resizer/7AHAqGMav00zkrPRqyRsQS8fMZ8=/616x0/smart/cloudfront-ap-northeast-1.images.arcpublishing.com/chosunbiz/DTTAB35LA5EM7DWKTPZSXI6NNM.jpg"",""article_md"":""https://chosunbiz-chosunbiz-prod.cdn.arcpublishing.com/resizer/cBG39Dtk3m5xP7-u6kI8nbZRsU4=/464x0/smart/cloudfront-ap-northeast-1.images.arcpublishing.com/chosunbiz/DTTAB35LA5EM7DWKTPZSXI6NNM.jpg"",""article_sm"":""https://chosunbiz-chosunbiz-prod.cdn.arcpublishing.com/resizer/mftZUNZaO08-8f1ch_Iq5AWt-PE=/216x0/smart/cloudfront-ap-northeast-1.images.arcpublishing.com/chosunbiz/DTTAB35LA5EM7DWKTPZSXI6NNM.jpg"",""social_share"":""https://chosunbiz-chosunbiz-prod.cdn.arcpublishing.com/resizer/XDCTiERUNxQXenFOu_coldclWJ0=/1200x630/smart/cloudfront-ap-northeast-1.images.arcpublishing.com/chosunbiz/DTTAB35LA5EM7DWKTPZSXI6NNM.jpg""},""type"":""image"",""url"":""https://cloudfront-ap-northeast-1.images.arcpublishing.com/chosunbiz/DTTAB35LA5EM7DWKTPZSXI6NNM.jpg"",""width"":1728},{""_id"":""TDAKDV3W7BF2LDW7E5DVV774FY"",""content"":""광고는 같은 시대를 살아가는 동년배들의 각기 다른 삶의 모습을 보여준다. ▲오후 5시에 ‘퇴근’을 하는 27세 직장인과 카페로 ‘출근’하는 27세 자영업자 ▲‘아이 돌’ 잔치 사진을 찍는 34세 여성과 랜선 콘서트를 보며 ‘아이돌’을 응원하는 34세 여성 ▲세 번째 ‘직장’을 다니는 58세 남성과 세 번째 ‘직업’을 택한 58세 남성의 모습 등이다. "",""type"":""text""},{""_id"":""7PVSKZMUTJENZEIY7KWPW5TTS4"",""content"":""특히 이번 캠페인은 2분할 화면 구조 기법을 사용해 같은 나이지만 서로 다른 인생을 살아가는 사람들의 모습을 직관적으로 표현했다. 또 ‘출근·퇴근’, ‘아이 돌·아이돌’ 등의 카피와 모델로 기용된 배우 정경호가 밝게 웃으며 다양한 사람들과 발맞춰 걸어가는 모습을 통해 ‘다 다른 인생에 다 맞춘 보험’이라는 메시지를 진정성 있게 전달한다는 게 회사 측의 설명이다."",""type"":""text""},{""_id"":""7IBPLR3QNVG6HDYSUSPZ6XPT6E"",""content"":""권민선 제일기획 CD는 “서로 다른 인생을 꾸려가고 있는 사람들의 모습과 주인공과 함께 경쾌하게 걸어가는 모델 정경호를 보여주며 다양한 고객 삶에 발맞추겠다는 삼성생명의 메시지와 의지를 강조했다”고 말했다.  "",""type"":""text""},{""_id"":""5R46ESVWHRF3FE67HO2UEOG5UI"",""content"":""삼성생명은 이번 광고의 인기에 힘입어 더 많은 소비자들의 다양한 인생 스토리를 담은 디지털 캠페인도 선보일 예정이다. "",""type"":""text""},{""_id"":""UNS3Q6AQRFCIROKTJB7XBGXDD4"",""content"":""삼성생명 관계자는 “삼성생명은 변화하는 시대상을 이해하고 소비자들의 마음과 인생에 공감해오며 보험에 대한 시선을 따뜻하게 바꿔왔다”며 “앞으로도 복잡하고 어려운 보험이 아닌 다양한 삶에 도움을 주는 든든한 존재인 삼성생명을 계속 그려 나가겠다”고 말했다. "",""type"":""text""},{""_id"":""X4XEPPVJ4JFYVHAM5G4SKBEG5I"",""raw_oembed"":{""html"":""<iframe width=\""560\"" height=\""315\"" src=\""https://www.youtube.com/embed/u89oyZeUx4c?feature=oembed\"" frameborder=\""0\"" allow=\""accelerometer; autoplay; clipboard-write; encrypted-media; gyroscope; picture-in-picture\"" allowfullscreen></iframe>""},""subtype"":""youtube"",""type"":""oembed_response""}],"""
yna.kr,"삼성생명 ""친환경금융에 2030년까지 20조원 이상 투자""","[연합뉴스 자료사진] (세종=연합뉴스) 하채림 기자 = 삼성생명[032830]이 2030년까지 20조원 이상을 '친환경 금융'에 투자한다.  삼성생명은 최근 환경·사회·지배구조(ESG)위원회를 열어 '녹색·상생·투명금융 2030 3대 중장기 ESG 전략'을 수립했다고 3일 밝혔다.  삼성생명은 2030년까지 신재생 에너지, ESG 채권 등 친환경 금융 분야에 20조원 이상을 투자한다는 '녹색금융' 목표를 세웠다. 탄소 배출량을 50% 감축하고 종이 사용량도 60% 줄일 계획이다.  또 '상생금융' 전략에 따라 고객 중심 경영 프로세스를 구축하며, 임직원의 성장과 양성평등 조직 문화를 확립해 행복한 일터를 구현하기로 했다.  '투명금융'을 위해 이사회의 전문성, 다양성, 독립성을 제고하고 윤리경영 안착에 노력하는 동시에 ESG 경영활동이 일상 기업문화로 자리 잡도록 힘쓰기로 다짐했다.  한편 삼성생명은 ESG 경영에 관한 국제협약인 지속가능보험원칙(PSI)과 탄소정보공개프로젝트(CDP)에 추가로 가입했다. 앞서 3월에는 '기후변화 관련 재무정보 공개 국제기구(TCFD)에 합류했다. "
biz.chosun.com,삼성생명 “2030년까지 친환경 금융 20조 이상 투자”,"content"":""삼성생명은 2030 중장기 ESG(환경·사회·지배구조) 3대 전략을 선언하고, 2030년까찌 친환경 금융에 20조원 이상 투자하고, 탄소 배출량도 절반으로 감축하겠다고 3일 밝혔다. "",""type"":""text""},{""_id"":""ST5WLCNYEFHG3ALKMJVY24QHYI"",""content"":""향후 10년간 신재생 에너지, ESG 채권 등 친환경 금융에 20조원 이상 투자한다. 탄소배출량 50%, 종이 사용량 60%를 감축하는 등 노력도 기울인다. "",""type"":""text""},{""_id"":""X3TTJZLNQZH5ZIJV7TGZISOZOY"",""content"":""또 ‘상생금융’ 전략에 따라 고객 중심 경영 프로세스를 구축하며, 임직원의 성장과 양성평등 조직 문화를 확립해 행복한 일터를 구현하기로 했다."",""type"":""text""},{""_id"":""F5WPCRPZEBANNEH5U6VK52322E"",""content"":""‘투명금융’을 위해 이사회의 전문성, 다양성, 독립성을 제고하고 윤리경영 안착에 노력하는 동시에 ESG 경영활동이 일상 기업문화로 자리 잡도록 힘쓰기로 다짐했다."",""type"":""text""},{""_id"":""UB3NHWTAUFF6XGJUYAQSI7PP64"",""content"":""한편 삼성생명은 ESG 경영에 관한 국제협약인 지속가능보험원칙(PSI)과 탄소정보공개프로젝트(CDP)에 추가로 가입했다. 앞서 3월에는 ‘기후변화 관련 재무정보 공개 국제기구(TCFD)에 합류했다."",""type"":""text""},{""_id"":""BUL6TNNY5NHHPBUQK6KFVI6ITI"",""content"":""<br/>"",""type"":""text""},{""_id"":""CRMPWZ5UVJEZJOX3CRMN3MGD7E"",""content"":""<br/>"",""type"":""text""}],"""
yna.kr,"삼성 준법위 ""삼성 계열사 노사교섭 현황 점검…준법 당부""","[연합뉴스 자료사진] (서울=연합뉴스) 김철선 기자 = 삼성 그룹의 준법경영을 감독하는 기구인 삼성 준법감시위원회가 삼성전자[005930] 등 주요 계열사의 노사교섭 현황을 점검했다. 준법위는 15일 서울 서초구 삼성생명[032830] 서초타워에서 정기회의를 열고, 삼성전자와 삼성SDI[006400], 삼성전기[009150] 등 7개 협약사의 인사 담당자로부터 노조 현황 및 노사 교섭 상황을 보고 받았다고 밝혔다. 지난해 이재용 삼성전자 부회장이 '무노조 경영' 폐기 선언을 한 이후 삼성전자는 노조 공동교섭단과 단체협약 체결을 위해 지난해 말부터 교섭을 진행하고 있다. 준법위는 각 계열사에 향후 교섭 과정에서 관련 법률을 준수하고, 상호 협력적 노사문화 정착의 계기로 삼아 달라고 당부했다고 밝혔다. 다만 최근 임금교섭 결렬로 노조가 쟁의행위를 추진하고 있는 삼성디스플레이는 준법위와 협약을 맺은 계열사가 아니기 때문에 이날 논의 대상에서 제외됐다. 한편 준법위는 그룹 차원의 일감 몰아주기 의혹이 제기된 삼성웰스토리 부당지원 사건에 대해서도 이날 담당자로부터 계약 내용과 경과를 보고 받았다. 공정거래위원회가 현재 이 사건에 대해 심의를 진행하고 있는 만큼, 준법위는 공정위 최종 결론을 검토하고 향후 진행 상황에 따라 논의를 이어가기로 했다."
yna.kr,"삼성 준법위 ""삼성 계열사 노사교섭 현황 점검…준법 당부""","[연합뉴스 자료사진] (서울=연합뉴스) 김철선 기자 = 삼성 그룹의 준법경영을 감독하는 기구인 삼성 준법감시위원회가 삼성전자[005930] 등 주요 계열사의 노사교섭 현황을 점검했다. 준법위는 15일 서울 서초구 삼성생명[032830] 서초타워에서 정기회의를 열고, 삼성전자와 삼성SDI[006400], 삼성전기[009150] 등 7개 협약사의 인사 담당자로부터 노조 현황 및 노사 교섭 상황을 보고 받았다고 밝혔다. 지난해 이재용 삼성전자 부회장이 '무노조 경영' 폐기 선언을 한 이후 삼성전자는 노조 공동교섭단과 단체협약 체결을 위해 지난해 말부터 교섭을 진행하고 있다. 준법위는 각 계열사에 향후 교섭 과정에서 관련 법률을 준수하고, 상호 협력적 노사문화 정착의 계기로 삼아 달라고 당부했다고 밝혔다. 다만 최근 임금교섭 결렬로 노조가 쟁의행위를 추진하고 있는 삼성디스플레이는 준법위와 협약을 맺은 계열사가 아니기 때문에 이날 논의 대상에서 제외됐다. 한편 준법위는 그룹 차원의 일감 몰아주기 의혹이 제기된 삼성웰스토리 부당지원 사건에 대해서도 이날 담당자로부터 계약 내용과 경과를 보고 받았다. 공정거래위원회가 현재 이 사건에 대해 심의를 진행하고 있는 만큼, 준법위는 공정위 최종 결론을 검토하고 향후 진행 상황에 따라 논의를 이어가기로 했다."
yna.kr,ABL생명도 실손보험 포기 '저울질'…다음달 판매 잠정 중단,"[연합뉴스 자료사진] (서울=연합뉴스) 하채림 기자 = 다음달 1일 '4세대' 실손의료보험(실손보험) 도입을 앞두고 ABL생명이 실손보험 판매 중단을 검토하고 있다.  ABL생명 관계자는 ""4세대 실손보험 출시 여부를 아직 결정하지 못했다""고 14일 밝혔다.  다음달 1일 실손보험은 비급여(건강보험 미적용) 진료 이용량에 따라 보험료 할인·할증이 적용되는 상품으로 구조가 바뀐다. 기존 '3세대' 신(新)실손보험은 더는 팔리지 않는다. 새 상품 판매를 위한 준비에 필요한 시간을 고려하면 ABL생명은 다음달부터 실손보험 판매를 잠정 중단하게 된다.  ABL생명 관계자는 ""4세대 실손을 취급할지 아직 저울질하고 있기 때문에 다음달 1일 출시는 불가능하다""고 말했다.  ABL생명은 실손보험이 팔수록 손해가 나는 상품인데다 계약 보유량도 단체계약을 포함해 11만4천건(명)에 그쳐 판매 중단을 고심하는 것으로 전해졌다.  ABL생명이 판매를 중단한다면 실손보험을 판매하는 생명보험사는 6곳만 남게 된다. AIA생명, 오렌지라이프, 라이나생명 등이 2011∼2013년에 일찌감치 실손보험을 포기했고, 2017∼2019년에 푸본현대생명, KDB생명, KB생명 등이 잇따라 판매를 중단했다. 신한생명과 미래에셋생명[085620]도 각각 작년 12월과 올해 3월부터 취급을 중단했다.  실손보험이 주력 상품인 손해보험업계와 달리 생명보험업계는 적자투성이 실손보험을 더는 판매할 이유가 없다고 판단하는 보험사가 늘어나는 것이다. [장현경 제작] 일러스트 교보생명과 한화생명[088350] 등은 현재 4세대 상품 준비 작업이 끝나지 않은 상태로, 출시 일정이 늦어질 수도 있다고 설명했다.  교보생명 관계자는 ""다음달 중에 4세대 실손보험을 출시 예정이나 정확한 일정은 정해지지 않았다""고 전했다.  생명보험업계 1위 삼성생명[032830]은 다음달 1일부터 4세대 상품을 판매할 계획이다.  손해보험업계는 중단 없이 다음달 1일부터 4세대 상품으로 전환할 예정이다. 손해보험업계에서는 앞서 AXA손해보험 등 3개사가 실손보험 판매를 중단했다. 지난해 실손보험의 보험료수익에서 보험금과 사업비를 뺀 '보험손익'은 2조5천억원 손실을 기록했다. 올해 1분기는 7천억원이 넘을 것으로 추산된다. "
yna.kr,'메르스명단 늑장제출' 삼성서울병원 관계자들 2심 무죄,"[연합뉴스 자료사진] (서울=연합뉴스) 박형빈 기자 = 중동호흡기증후군(메르스) 확산 사태 당시 환자 접촉자 명단을 보건당국에 늦게 제출해 재판에 넘겨진 삼성서울병원 관계자들이 10일 항소심에서도 무죄를 선고받았다. 서울중앙지법 형사항소9부(장재윤 부장판사)는 이날 감염병의 예방 및 관리에 관한 법률 위반 혐의로 기소된 당시 삼성서울병원 감염관리실장 김모씨와 감염관리실 파트장 류모씨, 삼성생명공익재단에 1심과 마찬가지로 각각 무죄를 선고했다. 김씨 등은 2015년 질병관리본부 역학조사관으로부터 6차례에 걸쳐 '슈퍼전파자'인 14번 환자와 접촉한 사람들의 명단을 제출하라는 요구를 받고서 52시간이 넘어서야 제출한 혐의를 받는다. 당시 14번 환자는 메르스가 전국적으로 확산하는 기폭제가 됐다. 이들은 2015년 5월 31일 접촉자 678명의 명단을 작성하고도 117명 명단만 제출하고, 나머지 명단은 이틀이 지난 6월 2일에야 제출한 것으로도 조사됐다. 이에 1심 재판부는 이들에게 무죄를 선고하며 ""의료인이 질병관리본부의 역학조사 업무에 단순히 응하지 않거나 성실히 협조하지 않았다고 해서 바로 역학조사를 거부 또는 방해했다고 볼 수 없다""고 밝혔다. 그러면서 ""역학조사관이 명단 작성에 관한 명확한 의사를 표시했음에도 방해에 이를 정도로 병원 측이 이를 소홀히 했어야 법 위반에 해당한다""고 판시했다. 이들에게 명단 제출을 고의로 지연하려는 의도도 없었다고 봤다. 검찰은 항소했지만, 2심 재판부도 ""원심의 무죄 판단을 수긍할 수 있다""며 기각했다."
yna.kr,'메르스명단 늑장제출' 삼성서울병원 관계자들 2심 무죄,"[연합뉴스 자료사진] (서울=연합뉴스) 박형빈 기자 = 중동호흡기증후군(메르스) 확산 사태 당시 환자 접촉자 명단을 보건당국에 늦게 제출해 재판에 넘겨진 삼성서울병원 관계자들이 10일 항소심에서도 무죄를 선고받았다. 서울중앙지법 형사항소9부(장재윤 부장판사)는 이날 감염병의 예방 및 관리에 관한 법률 위반 혐의로 기소된 당시 삼성서울병원 감염관리실장 김모씨와 감염관리실 파트장 류모씨, 삼성생명공익재단에 1심과 마찬가지로 각각 무죄를 선고했다. 김씨 등은 2015년 질병관리본부 역학조사관으로부터 6차례에 걸쳐 '슈퍼전파자'인 14번 환자와 접촉한 사람들의 명단을 제출하라는 요구를 받고서 52시간이 넘어서야 제출한 혐의를 받는다. 당시 14번 환자는 메르스가 전국적으로 확산하는 기폭제가 됐다. 이들은 2015년 5월 31일 접촉자 678명의 명단을 작성하고도 117명 명단만 제출하고, 나머지 명단은 이틀이 지난 6월 2일에야 제출한 것으로도 조사됐다. 이에 1심 재판부는 이들에게 무죄를 선고하며 ""의료인이 질병관리본부의 역학조사 업무에 단순히 응하지 않거나 성실히 협조하지 않았다고 해서 바로 역학조사를 거부 또는 방해했다고 볼 수 없다""고 밝혔다. 그러면서 ""역학조사관이 명단 작성에 관한 명확한 의사를 표시했음에도 방해에 이를 정도로 병원 측이 이를 소홀히 했어야 법 위반에 해당한다""고 판시했다. 이들에게 명단 제출을 고의로 지연하려는 의도도 없었다고 봤다. 검찰은 항소했지만, 2심 재판부도 ""원심의 무죄 판단을 수긍할 수 있다""며 기각했다."
biz.chosun.com,"삼성 준법위, 삼성 계열사 노사교섭 점검…웰스토리 부당지원 논의","content"":""삼성그룹 준법경영 감독 기구인 삼성 준법감시위원회가 15일 삼성전자 등 주요 계열사 노사교섭 현황을 점검했다. 일감 몰아주기 의혹을 받는 삼성웰스토리 부당지원 사건 경과 보고도 포함됐다."",""type"":""text""},{""_id"":""EDKNQD4LTFGFXH7EBRN74TXBPY"",""content"":""준법위는 이날 서울 서초구 삼성생명 서초타워에서 정기회의를 열었다. "",""type"":""text""},{""_id"":""DC4YMJ3ZPBA7ZM72LMQIHUPU6A"",""content"":""회의에서 삼성전자와 삼성SDI, 삼성전기 등 7개 협약사 인사 담당자는 노조 현황 및 노사 교섭 상황을 준법위에 보고했다."",""type"":""text""},{""_id"":""FBS2427VGVC37AO2BETUSE7B3M"",""content"":""지난해 이재용 삼성전자 부회장이 ‘무노조 경영’ 폐기 선언을 한 이후 삼성전자는 노조 공동교섭단과 단체협약 체결을 위해 지난해 말부터 교섭을 진행 중이다."",""type"":""text""},{""_id"":""A45BVLLUFJCQFM7EA6WXSCCO2A"",""content"":""준법위는 각 계열사에 향후 교섭 과정에서 관련 법률을 준수하고, 상호 협력적 노사문화 정착의 계기로 삼아 달라고 당부했다."",""type"":""text""},{""_id"":""LJ7TJMZ63BGMDCKENHC3X4RASU"",""content"":""그룹 차원의 일감 몰아주기 의혹이 제기된 삼성웰스토리 부당지원 사건에 대해서도 이날 담당자로부터 계약 내용과 경과를 보고 받았다. 공정거래위원회가 현재 이 사건에 대한 심의를 진행 중이다. 준법위는 공정위 최종 결론을 검토하고 향후 진행 상황에 따라 논의를 이어가기로 했다."",""type"":""text""},{""_id"":""GQODNJ74IVE3DENV4CNV3Q7LJM"",""content"":""한편 최근 임금교섭 결렬로 노조가 쟁의행위를 추진하고 있는 삼성디스플레이는 준법위와 협약을 맺은 계열사가 아니기 때문에 이날 논의 대상에서 제외됐다."",""type"":""text""}],"""
yna.kr,파업 초읽기·일감 몰아주기 의혹에도…존재감없는 삼성 준법위,"(서울=연합뉴스) 김지형 삼성 준법감시위원장이 올해 1월 서울 서초구 삼성 사옥에서 열린 삼성준법감시위원회의 7개 협약사 최고경영진 간담회에 참석하는 모습. [연합뉴스 자료사진] (서울=연합뉴스) 김철선 기자 = 삼성의 준법 경영을 감시하겠다며 출범한 삼성 준법감시위원회(이하 준법위)가 최근 삼성 내부 노사 문제와 '일감 몰아주기' 의혹 등 굵직한 이슈에도 제 목소리를 내지 않고 있다. 준법위는 지난해 이재용 삼성전자 부회장에게 대국민 사과를 권고하며 '무노조 경영' 철폐 선언을 이끌어내기도 했지만, 올해 초 이 부회장의 실형 확정 이후로 존재감이 약한 모습이다. '준법위의 실효성이 부족하다'고 지적한 이 부회장 파기환송심 재판부의 판단에 당시 준법위는 ""결과로 실효성을 증명해내겠다""고 했는데, 앞으로 준법위가 내놓을 목소리에 관심이 쏠린다.(아산=연합뉴스) 지난달 충남 아산시 탕정면 삼성디스플레이 아산 2캠퍼스 앞에서 삼성디스플레이 노조원들이 임금협상 결렬 관련 규탄 집회를 열고 있는 모습. [연합뉴스 자료사진] ◇ 삼성디스플레이 창사 첫 파업에도…""협약사 아니라 개입 못 해"" 20일 업계에 따르면 준법위는 지난 15일 정기회의에서 삼성전자 등 7개 협약사의 노조 현황과 노사 교섭 상황을 점검했다. 하지만 창사 후 첫 파업 사태를 앞둔 삼성디스플레이 상황은 논의되지 않았다. 삼성디스플레이가 준법위와 협약을 체결한 협약사가 아니라는 이유였다. 준법위는 지난해 2월 출범 당시 삼성전자와 삼성전기[009150], 삼성SDI[006400], 삼성SDS, 삼성생명[032830], 삼성화재[000810], 삼성물산[028260] 등 7개 계열사와 협약을 체결했다. 삼성디스플레이는 삼성전자가 지분 84.78％를 보유한 자회사다. 삼성디스플레이가 삼성전자에 종속된 기업이지만, 준법위는 삼성디스플레이와 직접적으로 협약을 체결하지 않았기 때문에 개입할 수 없다는 입장이다. 올해 초부터 노조와 임금협상을 벌여온 삼성디스플레이는 최근 노사 간 최악의 갈등 국면을 겪고 있다. 협상이 결렬되면서 노조가 21일부터 간부를 중심으로 파업에 들어가겠다고 선포해 삼성디스플레이 창사 이후 첫 파업이 눈앞이다. 이 과정에서 노조가 사내 전산망을 이용해 보낸 설문조사 메일을 회사가 임의로 삭제해 노동 당국으로부터 부당노동행위라는 지적을 받기도 했지만, 준법위는 역시 협약사가 아니라는 이유로 개입하지 않았다. 준법위 관계자는 ""준법위는 협약에 따라 활동하는데, 협약사가 아닌 법인에 관해 논의하는 것이 적절하지 않고 권고 대상도 아니다""며 ""준법 의무 위반 신고·제보도 협약사가 아닐 경우 사건이 종결된다""고 설명했다. 출범 당시만 해도 협약사 규모를 늘려나갈 방침이었던 준법위는 현재 논의하고 있는 협약사 확대 계획은 없다고 밝혔다.(서울=연합뉴스) 조성욱 공정거래위원장이 4월 5일 서울 강서구 LG사이언스파크에서 열린 '8대 대기업집단 단체급식 일감 개방 선포식'에 기업 대표들과 입장하고 있는 모습. [연합뉴스 자료사진] ◇ 구내식당 '일감 몰아주기' 의혹엔 ""작년에 권고…조사는 역량 부족"" 준법위 회의에서는 구내식당 '일감 몰아주기' 의혹이 제기된 삼성웰스토리에 관한 논의도 있었지만, 별다른 조치는 없었다. 준법위는 담당자로부터 삼성웰스토리 수의계약 관련 경과를 보고 받았고, 공정거래위원회의 조사 결과가 나오면 진행 상황에 따라 논의를 이어가기로 했다고 밝혔다. 공정위는 2018년부터 삼성그룹이 급식업체인 삼성웰스토리를 부당지원했는지를 조사하고 있다. 삼성웰스토리는 2013년 삼성에버랜드의 급식·식자재 유통사업 부문을 분할해 설립된 회사로, 이재용 부회장 등 총수일가 지분이 높은 삼성물산의 완전 자회사다. 삼성웰스토리 부당지원은 삼성전자, 삼성디스플레이, 삼성전기, 삼성SDI 4개사가 사내급식 물량 100%를 삼성웰스토리에 몰아주고 유리한 조건으로 거래했다는 것이 골자다. 작년 삼성전자의 삼성웰스토리 수의계약 금액은 4천400억원 규모다. 준법위는 지난해 상반기 삼성전자와 삼성SDI, 삼성전기 등 3사에 삼성웰스토리 수의계약 대신 구내식당 공개입찰을 하라는 취지로 이미 권고했다는 입장이다. 하지만 지난해 삼성웰스토리 수의계약에는 변화가 없었고, 올해 들어서야 삼성전자는 38개 구내식당 중 2곳을 외부 업체에 개방하기로 했다. 준법위는 매달 정기회의에서 협약사 내부거래에 위법 소지가 있는지 검토하지만, 2018년부터 일감 몰아주기 의혹이 제기된 삼성웰스토리 사안에 대해서는 별도로 조사하지 않았다. 준법위 관계자는 ""모든 수의계약에 불법성이 있다고 보긴 어렵고, 위원회가 이 사안을 직접 조사하기에는 역량이 부족했다""며 ""공정위 조사 결과가 발표되면 후속 논의할 계획""이라고 설명했다. 공정위는 조만간 삼성웰스토리 관련 제재 수위를 확정해 발표할 것으로 알려졌다.(서울=연합뉴스) = 이재용 삼성전자 부회장이 올해 1월 18일 서울 서초구 서울고등법원에서 열린 '국정농단' 사건 파기환송심 선고 공판에 출석하는 모습. 재판부는 이날 뇌물공여 등 혐의로 기소된 이 부회장에게 징역 2년 6개월을 선고했다. [연합뉴스 자료사진] ◇ 이재용 재판으로 출범한 준법위, 형 확정에도 제 역할 하나 준법위는 이재용 부회장의 국정농단 사건 파기환송심을 맡았던 서울고법 재판부가 삼성 내부 준법감시제도 마련 등을 주문한 것을 계기로 출범한 조직이다. 정준영 부장판사는 공판이 진행되는 동안 ""정치 권력으로부터 또다시 뇌물 요구를 받더라도 응하지 않을 그룹 차원의 답을 가져오라""고 주문했고, 삼성은 준법위 설립으로 화답했다. 김지형 전 대법관을 위원장으로 지난해 2월 출범한 준법위는 외형상 삼성의 지시를 받지 않는 독립조직으로 꾸려졌다. 올해 1월 재판부는 준법위의 실효성이 부족하다고 결론짓고 이 부회장의 양형에 반영하지 않겠다며 징역 2년 6개월의 실형을 선고했다. 이런 재판부의 판단이 나오면서 준법위가 지속할 명분이 약해졌다는 지적이 제기됐지만 이재용 부회장이 옥중에서 ""준법위 활동을 계속 지원하겠다""고 선언했고 준법위 역시 ""결과로 실효성을 증명해 내겠다""고 반박했다. 준법위 측은 이 부회장의 형 확정 이후에도 위원회의 지위와 역할에 변화가 없으며, 삼성 계열사의 준법경영 감시라는 기존 역할을 다한다는 입장이다. 준법위 관계자는 ""올해 3월 삼성전자 사업지원TF와 면담하는 등 준법 리스크 대응을 위해 꾸준히 활동하고 있다""며 ""강제성이 없는 권고 기관으로서 준법위 소임을 다하고 있다고 생각한다""고 말했다."
www.investchosun.com,[Invest]유상증자 앞둔 삼성중공업...1조 빅딜 주관 누가 할까,자
www.donga.com,“제16회 자살예방 캠페인 사람사랑 생명사랑 밤길걷기 ‘함께GOWALK’ 성료”,"
            
             한국생명의전화와 삼성생명, KBS한국방송이 공동 주최한 ‘제16회 자살예방 캠페인 사람사랑 생명사랑 밤길걷기(이하 사생밤)’의 첫 번째 프로그램 ‘함께GOWALK(함께고워크)’가 성공적으로 마무리 됐다고 주최 측이 10일 밝혔다.사생밤은 미국자살예방재단의 ‘OUT OF THE DARKNESS COMMUNITY WALKS’ 자살예방 캠페인을 2006년 국내에 도입한 것으로 올해로 16번째를 맞았다. 세계 자살예방의 날(9월 10일)을 맞아 하루에 37.8명이 자살하는 대한민국의 현실을 자각하고 생명의 소중함을 전하고자, 캄캄한 어둠을 헤치고 희망으로 걸어 나가자는 취지로 기획한 캠페인이다.주최사인 삼성생명은 ‘함께가요 미래로! Enabling People’를 삼성CSR(기업의 사회적 책임) 비전으로 삼고, ‘사람, 사랑’을 사회공헌 브랜드로 하여 2019년부터 한국생명의전화와 함께 사생밤을 개최하고 있다.



함께고워크는 청소년 자살률의 심각성을 범국민적으로 알리기 위해 10만 명 당 대한민국 청소년 자살률 수치인 5.9명에서 비롯한 5.9km를 걷는 프로그램으로, 원하는 곳 어디서나, 걷고 싶은 나만의 곳에서 비대으로 참여할 수 있도록 진행했다.많은 참가자(러버커)들은 ‘함께GOWALK(함께고워크)’가 자발적인 참여를 통해 선한 영향력을 끼치는 캠페인으로서 하나의 문화로 자리 잡았으며, 건강도 챙기고 청소년 자살률의 심각성을 알릴 수 있는 좋은 기회가 됐다는 긍정적인 반응을 보였다. 정일우, 고은아, 미르, 황보라, 이윤진 등 유명 연예인도 여럿 동참해 의미 있는 캠페인에 앞장서며 선한 영향력을 행사했다.올 캠페인은 4월 5일부터 28일까지 공식 홈페이지를 통해 참가자를 모집하여 진행할 예정이었으나, 참가자들의 뜨거운 관심과 호응으로 모집 8일 만에 조기 마감된 바 있다. 캠페인은 5월 8일부터 5월 23일까지 총 3000명의 참가자가 인증을 완료하였다.참가자 3000명의 참가 후원금 전액은 한국생명의전화 청소년 자살예방사업에 기부할 예정이며 24시간 자살위기 전화 상담, 청소년 사이버 상담, 청소년 생명 존중 인식개선 홍보 등 활동에 사용할 예정이다.한국생명의전화 관계자는 “이번 함께GOWALK 캠페인에 많은 참가자들이 청소년을 응원하는 마음을 모아 참여해주셔서 정말 감사하다”라며 “자살예방의 날을 기념하여 9월 4일 진행될 사생밤 두 번째 프로그램 ‘밤길걷기 Live WALK’에도 많은 관심과 참여 바란다”라고 말했다.한편, 사생밤의 두 번째 프로그램 밤길걷기 Live WALK는 9월 4일부터 12일까지 9일간 진행 예정이며, 7월 19일부터 8월 22일까지 참가자를 모집한다.박해식 동아닷컴 기자 pistols@donga.com 
"
biz.chosun.com,"[지배구조 톺아보기] 삼성, 상속 마무리했지만… 여전히 ‘격랑'","content"":""<b>환경(Environment), 사회(Social), 지배구조(Governance)의 앞글자를 딴 ESG가 국내외 기업의 화두로 떠오르고 있다. 국내 기업들은 ESG 중에서 지배구조 부문에서 상대적으로 낮은 평가를 받고 있다. 국내 기업들이 ESG 평가에서 높은 등급을 받기 위해서는 지배구조 개선이 필요하다는 지적이 나오는 이유다. 주요 기업의 지배구조 현황을 살펴본다. [편집자주]</b>"",""type"":""text""},{""_id"":""EBV5THRWPFGIZJ3A7FDACAJ3PQ"",""content"":""삼성그룹 오너 일가의 고(故) 이건희 회장의 지분 상속이 마무리되면서 이재용 <span name=\""stock\"" id=\""stock_005930\"">삼성전자(005930)</span> 부회장의 그룹 지배력이 한층 강해졌다. 이 부회장은 <span name=\""stock\"" id=\""stock_032830\"">삼성생명(032830)</span> 2대 주주로 올라서면서 <span name=\""stock\"" id=\""stock_028260\"">삼성물산(028260)</span>→삼성생명→삼성전자로 이어지는 지배구조가 공고해졌다."",""type"":""text""},{""_id"":""43YJUDJHMJHWNJXBTBRTFJGDUA"",""content"":""삼성생명을 통해 삼성전자를 경영하는 것은 선대 이병철 회장과 이건희 회장이 선택한 방식과 동일하다. 나머지 이 회장 보유 삼성그룹 지분은 오너 일가가 법정 상속 비율대로 승계했다."",""type"":""text""},{""_id"":""6PEWP3ONRZDNHOIYHJRZFQHYYI"",""content"":""재계에서는 이번 주식 배분을 두고 이 부회장의 경영권은 강화하면서 가족 간 화합을 도모하는 ‘황금 분할’이란 평가가 나온다. 지분 상속 마무리로 이 부회장을 중심으로 한 삼성그룹 경영체제가 완성돼 당분간 지배구조에 큰 변화가 없을 것으로 예상된다. 다만 이 부회장 재판이 진행 중이고 삼성생명이 보유한 삼성전자 지분을 강제로 매각하도록 하는 삼성생명법 등 불확실성은 여전히 남아있다."",""type"":""text""},{""_id"":""IYTIPMGHJ5DL7FHY2XII7NJZGM"",""caption"":""그래픽=이민경"",""credits"":{""affiliation"":[],""by"":[{""_id"":""lee-minkyung"",""name"":""민경 이"",""org"":""서울""}]},""height"":1931,""resizedUrls"":{""article_leadart"":""https://chosunbiz-chosunbiz-prod.cdn.arcpublishing.com/resizer/44MgqNQmBf_p7TnFdtrNNfgK7H4=/1280x0/smart/cloudfront-ap-northeast-1.images.arcpublishing.com/chosunbiz/IYTIPMGHJ5DL7FHY2XII7NJZGM.jpg"",""article_leadart_lg"":""https://chosunbiz-chosunbiz-prod.cdn.arcpublishing.com/resizer/B6mM0nxHIkmlC3C1V87ABl0lrzU=/1800x1931/smart/cloudfront-ap-northeast-1.images.arcpublishing.com/chosunbiz/IYTIPMGHJ5DL7FHY2XII7NJZGM.jpg"",""article_lg"":""https://chosunbiz-chosunbiz-prod.cdn.arcpublishing.com/resizer/TP_mNjkRCYclPg8gY1bXelA96M4=/616x0/smart/cloudfront-ap-northeast-1.images.arcpublishing.com/chosunbiz/IYTIPMGHJ5DL7FHY2XII7NJZGM.jpg"",""article_md"":""https://chosunbiz-chosunbiz-prod.cdn.arcpublishing.com/resizer/QEnAZdoU5X1nvF3QEXu5m0pN-MU=/464x0/smart/cloudfront-ap-northeast-1.images.arcpublishing.com/chosunbiz/IYTIPMGHJ5DL7FHY2XII7NJZGM.jpg"",""article_sm"":""https://chosunbiz-chosunbiz-prod.cdn.arcpublishing.com/resizer/f3g6NYG_Lno06jQXld_-ITYxkwE=/216x0/smart/cloudfront-ap-northeast-1.images.arcpublishing.com/chosunbiz/IYTIPMGHJ5DL7FHY2XII7NJZGM.jpg"",""social_share"":""https://chosunbiz-chosunbiz-prod.cdn.arcpublishing.com/resizer/soFsHWsLu_22rcqt7eK0jR6h-1Y=/1200x630/smart/cloudfront-ap-northeast-1.images.arcpublishing.com/chosunbiz/IYTIPMGHJ5DL7FHY2XII7NJZGM.jpg""},""type"":""image"",""url"":""https://cloudfront-ap-northeast-1.images.arcpublishing.com/chosunbiz/IYTIPMGHJ5DL7FHY2XII7NJZGM.jpg"",""width"":1800},{""_id"":""D4R72CSHMZFCTODOOTEECXAH24"",""content"":""<b>◇ 삼성생명 개인 최대주주로 지배력 강화… 여전히 지배구조 열쇠는 삼성물산</b>"",""type"":""text""},{""_id"":""7UNAGXA4RRFVNI6CKYKQMP7HME"",""content"":""삼성그룹 경영승계의 핵심은 이 부회장이 그룹 매출과 시가총액의 70%를 차지하는 삼성전자의 지배력을 어떻게 강화하는가였다. 이 부회장은 이 회장의 지분을 상속 받기 전에도 이미 삼성물산 지분을 17.48% 보유한 개인 최대주주였다. 삼성물산은 삼성생명의 최대주주(지분율 19.34%)이며, 삼성생명은 삼성전자 지분 8.51%를 보유한 최대주주다. 물산의 경영권을 확보하는 것만으로 물산→생명→전자로 이어지는 지배구조를 유지하는 데는 큰 무리가 없었다."",""type"":""text""},{""_id"":""DLPGQZ3CSBCJFAFYC6YPGV7MNE"",""content"":""이 회장은 생전 삼성생명 지분 20.76%를 보유한 1대주주로 삼성생명을 통해 삼성전자를 지배해왔다. 반면 이 회장의 삼성생명 지분은 0.06%에 불과했다. 재계에서 생명에서 전자로 이어지는 연결고리가 취약하다는 지적이 꾸준히 제기됐던 이유다."",""type"":""text""},{""_id"":""VHP7IHBUNFDPVPHQ5RPYI64SQA"",""content"":""이 부회장은 삼성생명 주식을 법정비율보다 많이 상속받으면서 그룹 지배력을 키웠다. 이 부회장은 이번 지분 상속으로 삼성생명 지분율을 10.44%까지 끌어올렸다. 삼성물산에 이은 2대 주주며, 개인 중 최대주주다. 아버지 이건희 회장의 그룹 경영 방식을 그대로 따른 것이다."",""type"":""text""},{""_id"":""UM5RR6PZQZCTRKPKIZHIOUJNRY"",""content"":""이 부회장이 삼성생명의 개인 최대주주로 올라서긴 했지만, 여전히 그룹 지배구조의 키를 잡고 있는 회사는 삼성물산이다. 삼성물산은 그룹의 정점에 있는 회사로 사실상 지주회사 역할을 하고 있다. 삼성물산은 삼성생명 외에 삼성전자 주식도 5.01%를 소유하면서 이 부회장의 삼성전자 지배력에 힘을 보태고 있다. 삼성SDS 지분도 17.08%를 보유하고 있다."",""type"":""text""},{""_id"":""NJ4HOONJQVHIHLDKEXK666FORE"",""content"":""당분간 삼성그룹은 이런 지배구조를 유지할 것으로 보인다. 일각에선 삼성물산의 지주회사 전환 가능성도 거론하지만, 현실화 가능성은 낮다. 삼성물산이 지주사가 되려면 공정거래법상 삼성전자 지분을 30%까지 늘려 자회사로 편입해야 한다. 삼성전자의 시가총액은 2일 종가 기준 약 482조원으로 삼성물산이 지분을 추가로 25% 매입하려면 약 120조원이 필요하다는 계산이 나온다. 또 이 부회장이 현재 구속 수감 중이라 삼성그룹의 자발적인 지배구조 개편은 당분간 기대하기 힘들다. 삼성에 정통한 한 관계자는 “이번 상속으로 삼성그룹의 인위적인 지배구조 변화는 당분간 없다고 보면 된다”고 말했다."",""type"":""text""},{""_id"":""7UO3GK7LEFDI7AZFP4QSJMIU2A"",""content"":""<b>◇ 이부진·이서현 계열분리 가능성 낮아… 홍라희 여사 역할론 대두</b>"",""type"":""text""},{""_id"":""ME4GT2CMGVAGXKE4SYMIWBKSSE"",""content"":""재계에서는 이부진 <span name=\""stock\"" id=\""stock_008770\"">호텔신라(008770)</span> 사장과 이서현 삼성복지재단 이사장의 계열분리 가능성을 주목하고 있지만, 시기상조라는 관측이 지배적이다. 이건희 회장이 경영활동을 할 때 이부진 사장은 호텔신라 경영에 주력했고, 이서현 이사장은 삼성물산 패션 부문(옛 제일모직) 사장과 제일기획 경영전략담당 사장을 지내면서 패션과 광고 사업을 담당했다. 이에 업계에서는 이부진 사장과 이서현 이사장이 이 부회장에게 삼성생명 지분을 몰아주는 대신 계열분리를 얻어냈을 것이라는 관측이 나왔다."",""type"":""text""},{""_id"":""TJPXIJFQFNEKBJZUZ65UTFHSAM"",""content"":""그러나 코로나19 장기화로 호텔, 면세점, 패션 산업이 직격탄을 맞은 상황이라 무리한 계열분리를 하진 않을 것이라는 분석이 많다. 호텔신라는 지난해 1853억원 영업손실을 기록했다. 삼성물산 패션부문 역시 지난해 매출액이 1조5450억원으로 전년 동기(1조7320억원) 대비 10.8% 줄었고, 360억원의 영업손실을 기록했다. 삼성그룹 내에서는 이번 지분 상속 과정에서 계열분리는 애초에 고려대상이 아니었다는 얘기도 나온다."",""type"":""text""},{""_id"":""RDRYB626NNCDZCSXRCOAITV7UM"",""content"":""홍라희 여사가 이 회장의 삼성전자 지분(4.18%) 가운데 3분의 1을 상속받으면서 경영권 방어나 계열분리 등 대형 이슈에서 결정적인 영향력을 행사하는 ‘캐스팅 보트’ 역할을 할 가능성도 제기된다. 향후 홍 여사가 보유한 삼성전자 지분을 이 부회장 등 3남매에게 다시 물려주면 상속세를 두번 내야 하는 부담이 있다. 그럼에도 법정 비율대로 삼성전자 지분을 받아 개인 최대주주(2.3%)로 올라선 것을 두고 재계에서는 여러 해석이 나왔다. 홍 여사는 유족의 지분 상속 과정에서도 중요한 역할을 했던 것으로 전해진다. 재계에서는 내외부로부터 지배구조 위협을 받을 때 홍 여사가 이 부회장의 든든한 조력자가 되기 위해 삼성전자 개인 최대주주가 되는 것을 자처했을 것으로 보고 있다. 재계 관계자는 “홍 여사가 자녀들의 상속세 부담을 덜어주는 동시에 경영권 안정을 지원하는 조력자 역할을 할 수 있게 된 셈”이라고 평가했다."",""type"":""text""},{""_id"":""UCRJLRF7VM5NINRKPH5EOJ7V7U"",""caption"":""왼쪽부터 이부진 호텔신라 사장, 고 이건희 삼성그룹 회장, 이서현 삼성복지재단 이사장, 홍라희 여사."",""credits"":{""by"":[{""byline"":""삼성전자 제공"",""name"":""삼성전자 제공""}]},""height"":333,""resizedUrls"":{""article_leadart"":""https://chosunbiz-chosunbiz-prod.cdn.arcpublishing.com/resizer/XeVaW3_mfpfR7GiK-s6azAnyaaI=/500x333/smart/cloudfront-ap-northeast-1.images.arcpublishing.com/chosunbiz/UCRJLRF7VM5NINRKPH5EOJ7V7U.jpg"",""article_leadart_lg"":""https://chosunbiz-chosunbiz-prod.cdn.arcpublishing.com/resizer/XeVaW3_mfpfR7GiK-s6azAnyaaI=/500x333/smart/cloudfront-ap-northeast-1.images.arcpublishing.com/chosunbiz/UCRJLRF7VM5NINRKPH5EOJ7V7U.jpg"",""article_lg"":""https://chosunbiz-chosunbiz-prod.cdn.arcpublishing.com/resizer/XeVaW3_mfpfR7GiK-s6azAnyaaI=/500x333/smart/cloudfront-ap-northeast-1.images.arcpublishing.com/chosunbiz/UCRJLRF7VM5NINRKPH5EOJ7V7U.jpg"",""article_md"":""https://chosunbiz-chosunbiz-prod.cdn.arcpublishing.com/resizer/ZcTFUuvM_OckbZDhn6tKYuQ4zaM=/464x0/smart/cloudfront-ap-northeast-1.images.arcpublishing.com/chosunbiz/UCRJLRF7VM5NINRKPH5EOJ7V7U.jpg"",""article_sm"":""https://chosunbiz-chosunbiz-prod.cdn.arcpublishing.com/resizer/bmPuJnSMawo_uDDyGgmXG8nMuYg=/216x0/smart/cloudfront-ap-northeast-1.images.arcpublishing.com/chosunbiz/UCRJLRF7VM5NINRKPH5EOJ7V7U.jpg"",""social_share"":""https://chosunbiz-chosunbiz-prod.cdn.arcpublishing.com/resizer/swjEi9N848lvOSLgNaMoPr9M-B8=/500x262/smart/cloudfront-ap-northeast-1.images.arcpublishing.com/chosunbiz/UCRJLRF7VM5NINRKPH5EOJ7V7U.jpg""},""type"":""image"",""url"":""https://cloudfront-ap-northeast-1.images.arcpublishing.com/chosunbiz/UCRJLRF7VM5NINRKPH5EOJ7V7U.jpg"",""width"":500},{""_id"":""M5M3YQ3UTNE35JS3KM5ZAZJ47Y"",""content"":""<b>◇ 삼성생명법·사법리스크 등 지배구조 흔들 변수 산적</b>"",""type"":""text""},{""_id"":""7IZT5VVXOFEV7AZE6UWFM6MAQM"",""content"":""다만 ‘이재용 체제’가 삼성그룹 전반에 뿌리내리기 위해선 넘어야할 산이 많다. 당장 불법승계 의혹 재판 등 사법 리스크가 남아 있다. 검찰은 삼성그룹 경영권 승계를 위해 이 부회장이 삼성물산과 제일모직의 합병을 부당하게 지시·승인했다고 보고 있다. 이 부회장의 혐의에는 <span name=\""stock\"" id=\""stock_207940\"">삼성바이오로직스(207940)</span>의 분식회계로 인한 주식회사외부감사법 위반도 포함됐다. 삼성바이오 분식회계 의혹은 이 부회장에 대한 수사의 시발점이 된 사건이기도 하다. 재계와 법조계는 재판 내용이 복잡하고 방대해 최종 판결까지는 오랜 시간이 소요될 것으로 보고 있다. 최근 문재인 정부가 이 부회장의 사면에 전향적인 모습을 보이고 있지만, 이 부회장이 풀려난다고 해도 이번 재판 결과에 따라 재수감될 가능성도 있다."",""type"":""text""},{""_id"":""XYYOXSK2LRGWXFU7GHGUDXOPHA"",""content"":""더불어민주당이 삼성생명을 겨냥해 만든 보험업법 개정안도 삼성 지배구조를 흔들 이슈로 꼽힌다. 삼성생명법은 보험사의 계열사 주식 보유액을 ‘취득원가’가 아닌 ‘시가’로 평가해 보유 한도를 총자산의 3%로 제한하는 내용이 골자다. 이 법안이 국회를 통과하면 삼성생명은 삼성전자 주식 보유분을 시가로 평가하고 총자산 3% 초과분은 법정 기한 내에 처분해야 한다. 보험사의 리스크를 줄이기 위해 계열사 주식가치 반영 방식을 시가로 변경하자는 취지지만, 규제를 적용받는 보험사가 삼성생명 뿐이라 ‘삼성생명법’으로 불린다."",""type"":""text""},{""_id"":""CXFJRGNYNZEI3KPCBQJT2A75DU"",""content"":""삼성생명은 삼성전자 지분 8.51%(5억815만7148주)를 보유하고 있다. 지난해 말 기준 삼성생명의 총자산은 310조원이다. 개정안이 통과하면 삼성생명은 약 9조33000억원을 초과하는 삼성전자 지분을 처분해야 하는데, 이 때 시장에 나올 삼성전자 매물은 30조원이 넘는다. 국내에서는 이 매물을 받아낼 수 있는 투자자가 많지 않아 대부분 외국인 투자자가 이 지분을 가져갈 가능성이 크다. 그만큼 이 부회장의 삼성전자 지배력이 약화된다. 시장에서는 삼성생명이 보유한 삼성전자 지분을 삼성물산에 넘기는 방안이 거론된다. 다만 30조원에 달하는 막대한 자금이 소요된다는 점에서 이 방안도 쉽지 않을 것이라는 분석이 많다. 또 삼성물산이 삼성생명의 전자 지분을 인수할 경우 지주사로 강제전환되는 문제도 있다."",""type"":""text""},{""_id"":""D2LX755HXRGTRP4U3THG2BSPVE"",""content"":""업계 관계자는 “삼성물산이 생명의 전자 지분을 가져간다면 삼성전자의 최대주주가 되는데, 자회사의 주식가액 합계액이 자산총액의 50%를 넘으면 공정거래법상 지주사로 강제전환이 된다”며 “삼성물산이 지주회사로 전환하면 최악의 경우 삼성전자 지배력 잃을 수 있는 등 문제가 간단하지 않다”고 했다."",""type"":""text""}],"""
www.investchosun.com,[Invest]공격적 자산운용 시동 건 삼성생명…전영묵 사장 '색깔내기',자
it.chosun.com,"다가오는 마이데이터 시행, 속 타는 ‘삼성카드’","
"
biz.chosun.com,"삼성생명, 유럽 5위권 부동산 운용사 새빌스IM 2대 주주로","content"":""삼성생명은 27일 영국의 종합부동산 그룹 새빌스(Savills) 산하의 부동산 자산운용사인 새빌스IM(Investment Management)의 지분 25%를 획득했다고 밝혔다. 취득 가격은 6375만파운드(약 1013억원)다."",""type"":""text""},{""_id"":""LQJ7MCEIVBGX5FO7ZSCDMREULE"",""content"":""새빌스IM은 영국 런던에 본사를 두고 총 32조원 규모의 부동산 자산을 운용하는 자산운용사다. 유럽과 아시아를 중심으로 13개국에 운용 거점을 보유하는 등 글로벌 부동산 네트워크에 강점을 갖고 있는 것으로 평가받는다."",""type"":""text""},{""_id"":""DJQHGIN5SBHE5CMJU3X5CZ66GM"",""content"":""삼성생명은 작년부터 실사 작업과 협상을 진행했다. 4월에는 협상팀이 런던 본사를 직접 방문해 최종 투자조건 합의를 이끌어냈다. "",""type"":""text""},{""_id"":""BJG3SK5YQVCG3MEUZ445I5NRSU"",""content"":""삼성생명은 새빌스가 100% 갖고 있던 지분 25%를 인수해 새빌스IM의 2대 주주가 됐다. 이사회 참여와 함께 사업협력위원회 신설 등 양사 간 협력을 강화할 예정이라 밝혔다."",""type"":""text""},{""_id"":""ISATXB42ANGBTKSJKGRYTQLZZQ"",""content"":""또 삼성생명은 새빌스IM에 지분 인수가 완료되는 시점 이후로 4년간 10억달러(약 1조1000억원)의 자산을 위탁운용하기로 했다. 위탁운용 결과에 따라 10%의 지분을 2025년까지 추가로 취득할 수 있는 콜옵션(매수선택권)도 보유하게 됐다."",""type"":""text""},{""_id"":""L2CKLMVU3RDWROSXYJ4PQVPVCQ"",""content"":""삼성생명 관계자는 “새빌스IM은 다양한 부동산 분야에 대한 투자 경험과 우수한 경영진을 보유하고 있어 글로벌 자산운용 사업 확대 전략에 알맞은 파트너로 판단했다”며 “앞으로도 수익기반 강화 및 다변화를 위해 글로벌 자산 운용 사업 확대를 적극적으로 추진해 나갈 예정”이라고 말했다."",""type"":""text""},{""_id"":""5HFMCBGZQBEULGEMNCBITDWFFY"",""content"":""새빌스IM은 1987년 새빌스 산하 운용부문으로 시작했다. 2004년 그룹 산하 부동산 전문 운용사 체제로 독립해 13개국, 16개 오피스에 299명의 직원이 근무중이다. 새빌스는 1855년 런던에서 설립된 종합 부동산 회사로 CBRE, JLL과 함께 세계 3대 종합 부동산 회사로 꼽힌다. "",""type"":""text""}],"""
www.chosun.com,"삼성생명, 영국 부동산 자산운용사 세빌스IM 지분 25% 취득","content"":""삼성생명이 영국 부동산 자산운용사 세빌스 인베스트 매니지먼트(세빌스 IM)의 지분 25%를 6375만 파운드에 인수하는 계약을 체결했다. 보유 자산을 보다 공격적으로 운영해 2030년까지 자산 운용부문 이익기여도를 끌어올리기 위한 전략의 일환이다."",""type"":""text""},{""_id"":""JKEP43K5IZGFNMEY5VLE2XLKGE"",""content"":""삼성생명은 27일 오전 이사회를 개최하고 이 같은 내용의 안건을 승인했다고 밝혔다. 이번 계약을 통해 삼성생명은 영국의 종합 부동산 그룹 세빌스 Plc가 보유한 세빌스 IM 지분 100% 가운데 25%를 받게 돼 2대 주주가 됐다."",""type"":""text""},{""_id"":""WMWSHIS6VFHCTNJDXXBCEJC2KA"",""content"":""영국 런던에 본사가 있는 세빌스 IM은 총 32조원 규모의 운용자산을 유럽 중심의 다양한 부동산 분야에 투자 중이다. 특히 유럽과 아시아를 중심으로 13개국에 운용 거점을 보유한 것이 강점으로 평가받는다."",""type"":""text""},{""_id"":""W2KM4Y7PPREMRI5XWH2MDOJAKI"",""content"":""삼성생명은 세빌스IM에 지분인수 거래완료 시점 이후 4년간 10억 달러(약 1.1조원)의 자산을 위탁운용 약정하기로 했다. 또 위탁운용 약정의 진행 결과 등에 따라 지분 10%를 2025년까지 추가로 취득할 수 있는 콜옵션도 취득했다."",""type"":""text""},{""_id"":""HVY2AR7DMRCYRCGT4UB4YJYMAI"",""content"":""삼성생명 측은 “위탁운용 약정으로 해외 자산 포트폴리오의 다변화와 중장기 수익률 제고가 가능할 것으로 기대한다”며 “이사회에 참여하며 사업협력위원회를 신설하는 등 양사 간 협력을 강화할 예정”이라고 했다."",""type"":""text""}],"""
sports.khan.co.kr,확 젊어진 삼성생명…그들이 선택한 화두는 ‘미래’,"지난 17일 이뤄진 삼성생명-하나원큐-BNK의 ‘삼각 빅딜’에서 세간의 초점은 김한별의 BNK 이적에 모아졌다. 지난 시즌 챔피언결정전 최우수선수(MVP)라는 상징성에 박정은 BNK 감독과의 인연, 강아정과의 호흡 등 흥미를 끌 만한 요인들이 포함돼 있었기 때문이다. 즉각적인 전력 상승의 효과도 기대할 만한 요소로 꼽혔다.그러나 속내를 찬찬히 들여다보면 트레이드의 실속은 삼성생명이 챙겼다는 분석이 나온다. 김한별이라는 팀의 핵심 선수를 내주긴 했지만 세대교체를 위한 포석을 마련했다는 평가다. 이번 삼각 트레이드에서 삼성생명은 ‘젊은 슈터’ 강유림과 BNK의 올해 신인 1라운드 지명권, 하나원큐의 올해와 내년 1라운드 지명권을 받게 됐다. 눈 앞의 전력보강보다는 2~3년 후를 내다본 거시적 선택에 방점을 찍었다는 얘기다.2019~20시즌 신인 드래프트에서 2라운드 3순위로 하나원큐에 지명된 강유림은 데뷔 시즌 30경기에 출전해 경기당 평균 7.3점을 넣는 눈에 띄는 활약을 펼치며 신인선수상을 거머쥐었다. 키 180㎝의 장신 유망주 강유림은 내·외곽 플레이가 가능하고 기동력이 좋다는 평가를 받는다.손대범 KBSN 해설위원은 삼성생명의 ‘강유림 영입’에 대해 “김한별 같이 세련된 농구를 하지는 못하겠지만 삼성생명은 ‘미래’를 얻었다”면서 “강유림의 가치는 지금보다 2~3년 뒤에 훨씬 더 커질 것”이라고 평가했다.특히 삼성생명은 김보미의 은퇴와 김한별의 이적, 강유림의 영입을 통해 ‘젊은 팀’으로 탈바꿈하는 발판을 마련하게 됐다. 다음 시즌 삼성생명의 면면을 보면 주장 배혜윤(1989년생)을 제외한 선수 전원이 1990~2000년대 선수들로 구성됐다. 가드 윤예빈(97년생)을 비롯해 주전급으로 뛰는 김단비(92년생), 이주연(98년생), 신이슬(2000년생) 등 젊은 선수들이 연차와 경험을 쌓으면서 팀의 미래를 이끌 것이란 기대가 나온다.여기에 이번 트레이드에서 올해 신인 1라운드 지명권까지 확보하면서 박지수 이후 최고의 빅맨으로 꼽히는 이해란(수피아여고·180㎝)을 뽑을 것으로 보여 ‘또하나의 미래 자원’을 데려올 수 있게 됐다.손대범 위원은 “삼성생명이 당장 2연패를 노리기보다 미래를 생각하는 전략을 세운 것으로 보인다”고 평가하면서 “여러 가지 요소를 종합적으로 고려할 때 이번 트레이드의 승자는 삼성생명이 될 가능성이 크다”고 말했다."
sports.chosun.com,[집중분석] 트레이드 자체는 환영. 계산은 냉정해야 한다. 삼성생명 BNK 하나원큐 삼각 트레이드 손익계산서는?,	
www.donga.com,"[스포츠 단신]챔프전 MVP 삼성생명 김한별, BNK로 이적 外","
■ 챔프전 MVP 삼성생명 김한별, BNK로 이적 이번 시즌 여자프로농구 챔피언결정전 최우수선수(MVP) 김한별(35·삼성생명)이 17일 삼각 트레이드를 통해 BNK로 이적했다. 그 대신 삼성생명은 BNK에서 구슬(27)을 영입했고 2021 신입선수 선발회 2라운드 지명권과 BNK의 1라운드 지명권도 맞교환했다. 삼성생명은 곧바로 구슬을 하나원큐로 보내고 그 대신 강유림과 2021, 2022년 신입선수 선발회 1라운드 우선 지명권을 받았다. 2009∼2010시즌부터 11시즌 동안 삼성생명에서 뛴 김한별은 이번 시즌 정규리그 24경기에서 평균 13.9득점, 8.2리바운드, 4.3어시스트로 맹활약했다. ■ 문체부-KBO, 교토국제고 야구부에 물품 후원 



문화체육관광부와 한국야구위원회(KBO)는 일본의 한국계 민족학교인 교토국제고에 1000만 원 상당의 야구공과 치료용 스프레이 등을 지원했다고 17일 밝혔다. 교토국제고는 3월 외국계 고교로는 처음 일본 선발고교야구대회(봄 고시엔)에 출전해 화제를 모았다. 박경수 교토국제고 교장은 “많은 지원과 관심을 보여주신 분들께 감사드린다. 일본 1위의 꿈을 이루기까지 더 분발하겠다”고 말했다. ■ 지소연 출전한 첼시 위민, 女챔스리그 준우승 지소연(30)이 뛰고 있는 첼시 위민(잉글랜드)이 유럽축구연맹(UEFA) 여자 챔피언스리그(UWCL) 준우승에 머물렀다. 첼시는 17일 스웨덴 예테보리의 감라 울레비에서 열린 FC바르셀로나 페메니노(스페인)와의 2020∼2021 UWCL 결승전에서 0-4로 완패했다. 지소연은 이날 선발로 출전해 후반 28분 에린 커스버트와 교체될 때까지 뛰었지만 팀의 패배를 막지 못했다.  #챔프전#문체부#첼시 위민
"
www.donga.com,"[스포츠 단신]챔프전 MVP 삼성생명 김한별, BNK로 이적 外","
■ 챔프전 MVP 삼성생명 김한별, BNK로 이적 이번 시즌 여자프로농구 챔피언결정전 최우수선수(MVP) 김한별(35·삼성생명)이 17일 삼각 트레이드를 통해 BNK로 이적했다. 그 대신 삼성생명은 BNK에서 구슬(27)을 영입했고 2021 신입선수 선발회 2라운드 지명권과 BNK의 1라운드 지명권도 맞교환했다. 삼성생명은 곧바로 구슬을 하나원큐로 보내고 그 대신 강유림과 2021, 2022년 신입선수 선발회 1라운드 우선 지명권을 받았다. 2009∼2010시즌부터 11시즌 동안 삼성생명에서 뛴 김한별은 이번 시즌 정규리그 24경기에서 평균 13.9득점, 8.2리바운드, 4.3어시스트로 맹활약했다. ■ 문체부-KBO, 교토국제고 야구부에 물품 후원 



문화체육관광부와 한국야구위원회(KBO)는 일본의 한국계 민족학교인 교토국제고에 1000만 원 상당의 야구공과 치료용 스프레이 등을 지원했다고 17일 밝혔다. 교토국제고는 3월 외국계 고교로는 처음 일본 선발고교야구대회(봄 고시엔)에 출전해 화제를 모았다. 박경수 교토국제고 교장은 “많은 지원과 관심을 보여주신 분들께 감사드린다. 일본 1위의 꿈을 이루기까지 더 분발하겠다”고 말했다. ■ 지소연 출전한 첼시 위민, 女챔스리그 준우승 지소연(30)이 뛰고 있는 첼시 위민(잉글랜드)이 유럽축구연맹(UEFA) 여자 챔피언스리그(UWCL) 준우승에 머물렀다. 첼시는 17일 스웨덴 예테보리의 감라 울레비에서 열린 FC바르셀로나 페메니노(스페인)와의 2020∼2021 UWCL 결승전에서 0-4로 완패했다. 지소연은 이날 선발로 출전해 후반 28분 에린 커스버트와 교체될 때까지 뛰었지만 팀의 패배를 막지 못했다.  #챔프전#문체부#첼시 위민
"
it.chosun.com,"교보생명, 교보자산신탁에 1500억원 규모 유상증자 시행","
"
it.chosun.com,"교보생명, 교보자산신탁에 1500억원 규모 유상증자 시행","
"
it.chosun.com,"교보생명, 교보자산신탁에 1500억원 규모 유상증자 시행","
"
yna.kr,삼성생명 1분기 당기순이익 1조881억원…작년 대비 373%↑(종합2보),"[삼성생명 홈페이지 캡처. 재판매 및 DB 금지] (서울=연합뉴스) 하채림 기자 = 삼성생명[032830]은 연결 기준 올해 1분기 당기순이익이 작년 동기 대비 373.2% 증가한 1조881억원으로 잠정 집계됐다고 14일 공시했다. 영업이익은 256.2% 증가한 1조3천344억원, 매출액(재무제표상 영업수익)은 3.5% 감소한 10조75억원을 각각 기록했다. 삼성생명은 ""삼성전자 특별배당과 주식시장 호황에 따른 변액보증준비금 환입된 결과로 이익이 많이 늘었다""고 설명했다.  3월 말 기준 총자산은 334조6천억원, 자본 건전성 지표인 지급여력(RBC)비율은 332%를 기록했다. 작년 말 기준 생명보험사의 평균 RBC 비율은 297.3%다. 삼성생명은 배당성향을 50%로 확대한다는 중기 목표를 유지한다고 밝혔다.  삼성생명 관계자는 이날 1분기 실적을 발표한 기업설명회에서 ""올해 배당성향이 35.5%로 작년보다 낮았지만 이는 코로나19를 고려한 일시적 조처였다""며 ""배당성향을 50% 이상으로 올린다는 중기 정책에 변화가 없다""고 말했다. "
biz.chosun.com,삼성생명 1Q 순익 전년比 373% 오른 1조881억… “삼성전자 특별배당 효과”,"content"":""<span name=\""stock\"" id=\""stock_032830\"">삼성생명(032830)</span>은 올해 1분기 당기순이익(연결기준)이 지난해 1분기보다 373.2% 증가한 1조881억원으로 잠정 집계됐다고 14일 공시했다. "",""type"":""text""},{""_id"":""WWGYRWFQRBGL7O43VEXY5U73BU"",""content"":""<span name=\""stock\"" id=\""stock_005930\"">삼성전자(005930)</span> 특별배당과 변액보증준비금 관련 손익 개선으로 자산운용 수익이 크게 증가한 결과다. 삼성생명은 삼성전자 지분 8.51% 갖고 있는데, 이는 계열사 중 가장 큰 수치다. 특별배당을 제외한 순이익은 4406억원으로 전년 동기 대비 91.6% 증가했다."",""type"":""text""},{""_id"":""P2CCUBFALRBT5BVLZ5JVOTYRKI"",""content"":""영업이익은 전년 동기 대비 252.6% 증가한 1조3344억원으로 집계됐다. 매출액(원수보험료)은 10조75억원으로 전년 동기 대비 3.5% 감소했다. "",""type"":""text""},{""_id"":""AFWCDZPI7NDBLAC6XZ2MDVY4BI"",""content"":""장래 이익의 흐름을 나타내는 지표인 신계약 가치는 1분기 3840억원으로 전년 동기 대비 19.6% 증가했다. 신계약 APE(연납화보험료)는 전년 동기 대비 2.2% 줄어든 6771억원을 기록했다. "",""type"":""text""},{""_id"":""A2FXLHH6SNE6LBF565U7BV2IOM"",""content"":""삼성생명은 “코로나19가 장기화되고 있는 어려운 영업환경 속에서도 건강상품을 중심으로 시장지배력을 확대하며 이뤄낸 실적”이라고 설명했다."",""type"":""text""},{""_id"":""CLYNYCR3MRAULG47OWEN34SCYI"",""content"":""3월말 기준 총자산은 334조6000억원, 자본건전성을 가늠할 수 있는 지급여력(RBC) 비율은 332%였다."",""type"":""text""}],"""
www.donga.com,고객 의견 반영한 삼성생명 소비자권익보호위 3년,"
            
            삼성생명이 올 들어 고객중심 경영을 강화하고 있는 가운데 고객 관련 외부 의견을 업무에 반영하는 자문기구를 3년째 운영하고 있어 눈길을 끌고 있다. 삼성생명은 2018년 4월 고객과 이해가 상충하는 사안에 대해 외부 목소리를 직접 듣고 업무에 반영하기 위해 소비자권익보호위원회를 출범시켰다. 외부 전문가들이 회사와 소비자 간 이견이 있는 민원 건에 대해 서로 의견을 나누고 다양한 관점에서 해결책을 제시하기 위함이다. 4월 26일로 출범 3년을 맞이한 소비자권익보호위원회는 그동안 29차례 위원회를 개최해 총 106건의 사안(분쟁 94건, 자문 12건)을 심의했다. 위원회가 권고한 내용은 100% 업무에 반영해왔으며, 특히 소비자의 손을 들어준 53건(94건 대비 56%)은 위원회의 의견을 그대로 수용해 진행하기도 했다. 



 삼성생명은 지난해 이후 ‘고객을 위한 변화와 도전’이라는 슬로건 아래 이처럼 고객의 시각을 회사의 시스템에 반영하는 노력을 이어가고 있다. 삼성생명은 2004년 금융권 최초로 도입한 이래 지속적으로 운영해오던 고객패널의 규모를 올해 700명에서 800명으로 늘렸다. 패널들은 1월 ‘고객 제공 서비스 인지도 및 효용도 조사’를 시작으로 매달 고객 편의를 높이기 위한 설문에 참여하고 있다. 이렇게 얻어진 설문 결과는 해당 부서로 전달되어 서비스 개선 및 상품 개발에 반영된다. 실제 4월 초 전면 개편된 홈페이지와 모바일 앱의 경우 고객 관점에서 제시된 의견들을 반영해 사용빈도가 높은 서비스를 메인 상단에 배치하고 원터치로 실행할 수 있도록 구성했다. 사고보험금을 청구하는 과정도 고객 상황에 맞춰 최소한의 정보만 입력하도록 절차를 간소화했다. 이 같은 고객중심 경영으로 2020년 삼성생명의 민원 건수가 전년 대비 26.2% 감소했다고 삼성생명이 밝혔다. 삼성생명 관계자는 “위원회 출범 3년을 맞아 고객의 시각에서 고객과 상생하기 위한 활동을 더욱 강화해나갈 계획”이라고 말했다.전승훈 기자 raphy@donga.com기자페이지 바로가기>  #삼성생명#소비자권익보호위
"
yna.kr,삼성생명 1분기 당기순이익 1조881억원…작년 대비 373%↑(종합),"[삼성생명 홈페이지 캡처. 재판매 및 DB 금지] (서울=연합뉴스) 하채림 기자 = 삼성생명[032830]은 연결 기준 올해 1분기 당기순이익이 작년 동기 대비 373.2% 증가한 1조881억원으로 잠정 집계됐다고 14일 공시했다. 영업이익은 256.2% 증가한 1조3천344억원, 매출액(재무제표상 영업수익)은 3.5% 감소한 10조75억원을 각각 기록했다. 삼성생명은 ""삼성전자 특별배당과 주식시장 호황에 따른 변액보증준비금 환입된 결과로 이익이 많이 늘었다""고 설명했다. "
www.donga.com,고객 의견 반영한 삼성생명 소비자권익보호위 3년,"
            
            삼성생명이 올 들어 고객중심 경영을 강화하고 있는 가운데 고객 관련 외부 의견을 업무에 반영하는 자문기구를 3년째 운영하고 있어 눈길을 끌고 있다. 삼성생명은 2018년 4월 고객과 이해가 상충하는 사안에 대해 외부 목소리를 직접 듣고 업무에 반영하기 위해 소비자권익보호위원회를 출범시켰다. 외부 전문가들이 회사와 소비자 간 이견이 있는 민원 건에 대해 서로 의견을 나누고 다양한 관점에서 해결책을 제시하기 위함이다. 4월 26일로 출범 3년을 맞이한 소비자권익보호위원회는 그동안 29차례 위원회를 개최해 총 106건의 사안(분쟁 94건, 자문 12건)을 심의했다. 위원회가 권고한 내용은 100% 업무에 반영해왔으며, 특히 소비자의 손을 들어준 53건(94건 대비 56%)은 위원회의 의견을 그대로 수용해 진행하기도 했다. 



 삼성생명은 지난해 이후 ‘고객을 위한 변화와 도전’이라는 슬로건 아래 이처럼 고객의 시각을 회사의 시스템에 반영하는 노력을 이어가고 있다. 삼성생명은 2004년 금융권 최초로 도입한 이래 지속적으로 운영해오던 고객패널의 규모를 올해 700명에서 800명으로 늘렸다. 패널들은 1월 ‘고객 제공 서비스 인지도 및 효용도 조사’를 시작으로 매달 고객 편의를 높이기 위한 설문에 참여하고 있다. 이렇게 얻어진 설문 결과는 해당 부서로 전달되어 서비스 개선 및 상품 개발에 반영된다. 실제 4월 초 전면 개편된 홈페이지와 모바일 앱의 경우 고객 관점에서 제시된 의견들을 반영해 사용빈도가 높은 서비스를 메인 상단에 배치하고 원터치로 실행할 수 있도록 구성했다. 사고보험금을 청구하는 과정도 고객 상황에 맞춰 최소한의 정보만 입력하도록 절차를 간소화했다. 이 같은 고객중심 경영으로 2020년 삼성생명의 민원 건수가 전년 대비 26.2% 감소했다고 삼성생명이 밝혔다. 삼성생명 관계자는 “위원회 출범 3년을 맞아 고객의 시각에서 고객과 상생하기 위한 활동을 더욱 강화해나갈 계획”이라고 말했다.전승훈 기자 raphy@donga.com기자페이지 바로가기>  #삼성생명#소비자권익보호위
"
www.donga.com,"[애널리스트의 마켓뷰]이건희 회장 주식 배분 후, 삼성생명 중요도 커져","
김수현 신한금융투자 연구위원삼성그룹은 고 이건희 회장의 삼성전자, 삼성물산, 삼성SDS 주식을 법정 상속 비율인 ‘3 대 2 대 2 대 2’로 상속한다고 발표했다. 이에 따라 삼성전자의 최대 주주는 ‘삼성생명 외 14명’으로 바뀌며 부인인 홍라희 전 리움미술관 관장이 개인 최대 주주(2.3%)에 오른다. 이재용 삼성전자 부회장의 삼성전자 지분은 1.63%다. 그동안 삼성전자 지분을 1주도 갖고 있지 않았던 이부진 호텔신라 사장, 이서현 삼성복지재단 이사장도 각각 0.93%의 지분을 보유하게 됐다. 상속 대상 주식 가운데 삼성생명만 법정 상속 비율이 아닌 ‘3 대 2 대 1’로 결정됐다. 삼성전자의 최대 주주가 된 삼성생명 지분을 이 부회장에게 몰아준 것이다. 삼성생명 최대 주주는 이건희 회장에서 삼성물산으로 변경된다. 삼성물산의 삼성생명 지분은 변화가 없지만 관계 변화가 있는 것이다. 삼성물산이 삼성생명 최대 주주(19.34%)가 되면서 지주회사 전환 관련 문제도 제기된다. 자회사 가치가 총자산의 50%를 넘으면 삼성물산은 지주회사로 전환되며 삼성전자 추가 지분에 대한 취득 부담 등 복잡한 상황에 놓이기 때문이다.



 하지만 삼성물산의 자산 총액(별도 기준)은 44조4000억 원이며 삼성물산이 보유한 삼성생명 지분 가치는 3조1000억 원(2일 종가 기준)으로 총자산의 7.1%에 불과하다. 지주회사 전환 이슈가 발생하려면 삼성물산의 삼성생명 지분 가치가 22조2000억 원을 넘어야 한다. 즉, 삼성생명의 시가총액이 100조 원을 넘어야 하기 때문에 현실적으로 가능성은 없어 보인다. ‘삼성물산→삼성생명→삼성전자’로 이어지는 현재의 지배구조 체제는 유지된다. 삼성 일가가 부담해야 하는 상속세 12조 원을 감안하면 이들이 지분을 보유한 삼성전자, 삼성물산, 삼성생명의 적극적인 배당 정책은 너무나도 당연하다. 삼성 일가는 최대 6년 동안 매년 2조 원 이상의 상속세 재원을 마련해야 한다. 주식담보대출과 신용대출이 활용되겠지만 결국 삼성 일가가 지분을 보유한 계열사의 배당 증대를 통한 현금 흐름 확보가 중요하다. 이 부회장이 최대 지분을 보유한 삼성물산은 매년 삼성전자 등으로부터 받은 배당의 60∼70%를 주주에게 재배당할 것이다. 따라서 이번에 삼성 일가의 지분이 크게 높아진 삼성생명과 삼성전자의 적극적인 주주 환원이 기대된다. 특히 배당과 기업 가치 제고 측면에서 삼성생명에 대한 관심이 필요하다. 다만 현재는 수면 밑으로 가라앉았지만 한참 논란이 됐던 보험업법 개정은 부담 요인이다. 또 배당 수입은 매년 유동적인 만큼 앞으로 상속세 납부 과정에서 일부 계열사의 매각 유인이 발생할 수밖에 없다. 삼성그룹 지배력이 충분히 확보된 상태에서 삼성SDS의 지분(2조4000억 원) 처분이 검토될 수도 있다. 김수현 신한금융투자 연구위원 #이건희 회장#주식 배분 후#삼성생명#중요도
"
www.donga.com,"[애널리스트의 마켓뷰]이건희 회장 주식 배분 후, 삼성생명 중요도 커져","
김수현 신한금융투자 연구위원삼성그룹은 고 이건희 회장의 삼성전자, 삼성물산, 삼성SDS 주식을 법정 상속 비율인 ‘3 대 2 대 2 대 2’로 상속한다고 발표했다. 이에 따라 삼성전자의 최대 주주는 ‘삼성생명 외 14명’으로 바뀌며 부인인 홍라희 전 리움미술관 관장이 개인 최대 주주(2.3%)에 오른다. 이재용 삼성전자 부회장의 삼성전자 지분은 1.63%다. 그동안 삼성전자 지분을 1주도 갖고 있지 않았던 이부진 호텔신라 사장, 이서현 삼성복지재단 이사장도 각각 0.93%의 지분을 보유하게 됐다. 상속 대상 주식 가운데 삼성생명만 법정 상속 비율이 아닌 ‘3 대 2 대 1’로 결정됐다. 삼성전자의 최대 주주가 된 삼성생명 지분을 이 부회장에게 몰아준 것이다. 삼성생명 최대 주주는 이건희 회장에서 삼성물산으로 변경된다. 삼성물산의 삼성생명 지분은 변화가 없지만 관계 변화가 있는 것이다. 삼성물산이 삼성생명 최대 주주(19.34%)가 되면서 지주회사 전환 관련 문제도 제기된다. 자회사 가치가 총자산의 50%를 넘으면 삼성물산은 지주회사로 전환되며 삼성전자 추가 지분에 대한 취득 부담 등 복잡한 상황에 놓이기 때문이다.



 하지만 삼성물산의 자산 총액(별도 기준)은 44조4000억 원이며 삼성물산이 보유한 삼성생명 지분 가치는 3조1000억 원(2일 종가 기준)으로 총자산의 7.1%에 불과하다. 지주회사 전환 이슈가 발생하려면 삼성물산의 삼성생명 지분 가치가 22조2000억 원을 넘어야 한다. 즉, 삼성생명의 시가총액이 100조 원을 넘어야 하기 때문에 현실적으로 가능성은 없어 보인다. ‘삼성물산→삼성생명→삼성전자’로 이어지는 현재의 지배구조 체제는 유지된다. 삼성 일가가 부담해야 하는 상속세 12조 원을 감안하면 이들이 지분을 보유한 삼성전자, 삼성물산, 삼성생명의 적극적인 배당 정책은 너무나도 당연하다. 삼성 일가는 최대 6년 동안 매년 2조 원 이상의 상속세 재원을 마련해야 한다. 주식담보대출과 신용대출이 활용되겠지만 결국 삼성 일가가 지분을 보유한 계열사의 배당 증대를 통한 현금 흐름 확보가 중요하다. 이 부회장이 최대 지분을 보유한 삼성물산은 매년 삼성전자 등으로부터 받은 배당의 60∼70%를 주주에게 재배당할 것이다. 따라서 이번에 삼성 일가의 지분이 크게 높아진 삼성생명과 삼성전자의 적극적인 주주 환원이 기대된다. 특히 배당과 기업 가치 제고 측면에서 삼성생명에 대한 관심이 필요하다. 다만 현재는 수면 밑으로 가라앉았지만 한참 논란이 됐던 보험업법 개정은 부담 요인이다. 또 배당 수입은 매년 유동적인 만큼 앞으로 상속세 납부 과정에서 일부 계열사의 매각 유인이 발생할 수밖에 없다. 삼성그룹 지배력이 충분히 확보된 상태에서 삼성SDS의 지분(2조4000억 원) 처분이 검토될 수도 있다. 김수현 신한금융투자 연구위원 #이건희 회장#주식 배분 후#삼성생명#중요도
"
yna.kr,이재용 지배력 강화된 삼성생명…'삼성생명법안'에 시선집중,"[연합뉴스TV 제공] (서울=연합뉴스) 하채림 기자 = 고(故) 이건희 삼성전자 회장의 유산 상속으로 삼성그룹의 지배구조가 더 단단해지고 이재용 삼성전자 부회장의 삼성생명에 대한 직접 지배력이 강화되자 시장의 관심이 국회에 계류 중인 '삼성생명법'으로 쏠리고 있다.  삼성생명법은 여당 박용진·이용우 의원이 작년 6월에 발의한 '보험업법 일부개정법률안'(보험업법 개정안)을 가리킨다. 이 법안이 삼성생명이 보유한 삼성전자 지분을 겨냥하고 있어 붙은 별칭이다.  현행 보험업법은 보험사의 계열사 주식 보유 한도를 총자산의 3%로 규제하나, 법 조문에는 총자산과 주식 보유액 평가 방식이 명시돼 있지 않다. 대신 '보험업감독규정'에서 총자산과 자기자본에 대해서는 '시가'를, 주식 보유액은 '취득원가'를 기준으로 제시한다.  박용진·이용우 의원의 보험업법 개정안은 보험사의 계열사 주식 보유액을 '시가'로 평가해 한도를 총자산의 3%로 제한하는 내용이다. 정무위원회 수석전문위원은 법안에 대한 검토보고서에서 ▲ 은행, 상호저축은행, 금융투자업에서 채권이나 주식의 소유금액에 대해 시가 기준으로 자산운용비율을 산정하고 있으며 ▲ 보험회사에 대한 자산운용 규제에 한정해 보더라도 동일한 규제 내 서로 다른 기준을 적용하는 것으로 불합리한 측면이 있다는 점에서는 법안의 취지가 타당하다는 견해를 제시했다. 은성수 금융위원장은 작년 7월 정무위 전체회의에서 ""(평가를) 시가로 해서 그때그때 위험성을 파악하는 건 저도 맞는다고 생각한다""고 답변했다. 이어 ""(삼성생명이) 자발적으로 하는 게 좋은데 안 되면 결국은 외부 압력에 의해서 될 거다""며 ""갑자기 충격받지 말고 미리미리 하는 게 좋겠다고 (중략) 계속 권고를 했다""고 덧붙였다. (서울=연합뉴스) 김영은 기자 = 이건희 삼성전자 회장의 삼성전자[005930] 지분을 이재용 부회장 등 3남매와 홍라희 여사가 법정 비율대로 균등 분할받았다. 삼성 일가는 지난달 30일 이건희 회장 유산에 대해 국세청에 12조원 중반에 달하는 상속세를 신고·납부하면서 주식 지분 분할까지 마쳤다. 0eun@yna.co.kr 페이스북 tuney.kr/LeYN1 트위터 @yonhap_graphics 작년 말 기준 삼성생명의 총자산은 310조원이므로 이 법안에 따르면 3% 즉, 9조3천억원을 초과하는 삼성전자 지분을 처분해야 한다. 삼성생명은 현재 삼성전자 지분 8.51%(5억815만7천148주)를 보유하고 있다. 지난달 30일 삼성전자 종가 기준으로 41조4천억원에 달한다. 즉 32조원(지분 6.6%)어치를 처분해야 한다는 뜻이다.  삼성생명법이 통과되면 이 부회장 등 일가가 삼성전자에 대한 지배력을 유지하기 위해 삼성생명이 보유한 삼성전자 지분을 삼성물산에 넘기는 시나리오가 증권가에서 거론된다.  그러나 이 경우 공정거래법에 따라 삼성물산을 지주회사로 전환하고 삼성물산의 삼성전자 지분율을 30%로 높여야 한다. 이에 따라 삼성물산은 삼성전자 지분 추가 매입에 필요한 막대한 비용을 마련해야 하며, 삼성생명은 매각 차익에 대해 내야 하는 세금 부담도 크다. 이런 보험업법 개정안 변수에도 이 부회장이 고 이건희 회장이 보유한 삼성생명 지분의 절반을 상속받은 것을 두고 삼성 일가가 법 통과 가능성을 크지 않다고 보거나 법 개정을 대처 가능한 리스크로 평가하는 것이라는 해석도 나온다.  삼성생명 관계자는 ""유족이 삼성생명 지분 분할 비율을 결정한 배경을 전혀 알지 못한다""며 ""보험업법 개정안은 삼성 그룹의 지배구조 이슈와는 완전히 다른 사안인데 외부에서 계속 연결하며 집착하는 것 같다""는 반응을 보였다."
yna.kr,이재용 지배력 강화된 삼성생명…'삼성생명법안'에 시선집중,"[연합뉴스TV 제공] (서울=연합뉴스) 하채림 기자 = 고(故) 이건희 삼성전자 회장의 유산 상속으로 삼성그룹의 지배구조가 더 단단해지고 이재용 삼성전자 부회장의 삼성생명에 대한 직접 지배력이 강화되자 시장의 관심이 국회에 계류 중인 '삼성생명법'으로 쏠리고 있다.  삼성생명법은 여당 박용진·이용우 의원이 작년 6월에 발의한 '보험업법 일부개정법률안'(보험업법 개정안)을 가리킨다. 이 법안이 삼성생명이 보유한 삼성전자 지분을 겨냥하고 있어 붙은 별칭이다.  현행 보험업법은 보험사의 계열사 주식 보유 한도를 총자산의 3%로 규제하나, 법 조문에는 총자산과 주식 보유액 평가 방식이 명시돼 있지 않다. 대신 '보험업감독규정'에서 총자산과 자기자본에 대해서는 '시가'를, 주식 보유액은 '취득원가'를 기준으로 제시한다.  박용진·이용우 의원의 보험업법 개정안은 보험사의 계열사 주식 보유액을 '시가'로 평가해 한도를 총자산의 3%로 제한하는 내용이다. 정무위원회 수석전문위원은 법안에 대한 검토보고서에서 ▲ 은행, 상호저축은행, 금융투자업에서 채권이나 주식의 소유금액에 대해 시가 기준으로 자산운용비율을 산정하고 있으며 ▲ 보험회사에 대한 자산운용 규제에 한정해 보더라도 동일한 규제 내 서로 다른 기준을 적용하는 것으로 불합리한 측면이 있다는 점에서는 법안의 취지가 타당하다는 견해를 제시했다. 은성수 금융위원장은 작년 7월 정무위 전체회의에서 ""(평가를) 시가로 해서 그때그때 위험성을 파악하는 건 저도 맞는다고 생각한다""고 답변했다. 이어 ""(삼성생명이) 자발적으로 하는 게 좋은데 안 되면 결국은 외부 압력에 의해서 될 거다""며 ""갑자기 충격받지 말고 미리미리 하는 게 좋겠다고 (중략) 계속 권고를 했다""고 덧붙였다. (서울=연합뉴스) 김영은 기자 = 이건희 삼성전자 회장의 삼성전자[005930] 지분을 이재용 부회장 등 3남매와 홍라희 여사가 법정 비율대로 균등 분할받았다. 삼성 일가는 지난달 30일 이건희 회장 유산에 대해 국세청에 12조원 중반에 달하는 상속세를 신고·납부하면서 주식 지분 분할까지 마쳤다. 0eun@yna.co.kr 페이스북 tuney.kr/LeYN1 트위터 @yonhap_graphics 작년 말 기준 삼성생명의 총자산은 310조원이므로 이 법안에 따르면 3% 즉, 9조3천억원을 초과하는 삼성전자 지분을 처분해야 한다. 삼성생명은 현재 삼성전자 지분 8.51%(5억815만7천148주)를 보유하고 있다. 지난달 30일 삼성전자 종가 기준으로 41조4천억원에 달한다. 즉 32조원(지분 6.6%)어치를 처분해야 한다는 뜻이다.  삼성생명법이 통과되면 이 부회장 등 일가가 삼성전자에 대한 지배력을 유지하기 위해 삼성생명이 보유한 삼성전자 지분을 삼성물산에 넘기는 시나리오가 증권가에서 거론된다.  그러나 이 경우 공정거래법에 따라 삼성물산을 지주회사로 전환하고 삼성물산의 삼성전자 지분율을 30%로 높여야 한다. 이에 따라 삼성물산은 삼성전자 지분 추가 매입에 필요한 막대한 비용을 마련해야 하며, 삼성생명은 매각 차익에 대해 내야 하는 세금 부담도 크다. 이런 보험업법 개정안 변수에도 이 부회장이 고 이건희 회장이 보유한 삼성생명 지분의 절반을 상속받은 것을 두고 삼성 일가가 법 통과 가능성을 크지 않다고 보거나 법 개정을 대처 가능한 리스크로 평가하는 것이라는 해석도 나온다.  삼성생명 관계자는 ""유족이 삼성생명 지분 분할 비율을 결정한 배경을 전혀 알지 못한다""며 ""보험업법 개정안은 삼성 그룹의 지배구조 이슈와는 완전히 다른 사안인데 외부에서 계속 연결하며 집착하는 것 같다""는 반응을 보였다."
news.joins.com,엄마는 상속 사양했다…삼성생명 지분 절반 몰아받은 이재용,"



고(故) 이건희 삼성 회장이 보유하고 있던 삼성생명 주식의 절반을 장남인 이재용 삼성전자 부회장이 상속받았다. 재계에서는 유족 간 합의에 의해 이 부회장의 그룹 경영권을 안정화하는 방향으로 상속이 이뤄졌다고 풀이한다. 이건희 회장의 삼성전자 등 다른 보유 주식은 부인인 홍라희 전 리움미술관 관장과 세 자녀에게 법정 상속비율대로 3:2:2:2로 상속됐다.                        삼성전자 등 법정 상속 비율대로 상속      삼성생명과 삼성전자·삼성물산·삼성SDS는 30일 오후 ‘최대주주 등 소유주식 변동 신고서’를 통해 이 회장의 지분 상속 내용을 공시했다. 이 회장 보유했던 주식은 삼성전자(2억5000만 주·4.18%)와 삼성생명(4152만 주·20.76%), 삼성물산(3267만 주·2.88%), 삼성SDS(712만 주·0.01%)로 상속세 납세 기준으로 약 19조원어치다.             삼성생명을 제외한 계열사 지분은 모두 삼성가(家) 유족들이 법정 비율대로 상속받았다. 배우자인 홍라희 전 관장이 3분의 1을, 이재용 부회장과 이부진 호텔신라 사장, 이서현 삼성복지재단 이사장이 9분의 2씩 받았다.          삼성생명 지분 이재용 부회장에 50% 몰아줘      다만 삼성생명 지분은 이 부회장에게 50%에 해당하는 2076만 주를 몰아주고, 홍 전 관장은 상속을 받지 않았다. 이부진 사장은 1384만 주, 이서현 이사장은 692만 주를 받았다. 세 자녀의 지분 비율은 대략 3:2:1이다. 이로써 이 부회장의 삼성생명 지분율은 0.06%에서 상속 후 10.44%로 높아진다.             재계에서는 이 부회장에게 삼성생명 지분을 몰아줌으로써 그룹의 지배구조를 안정화할 수 있다고 본다. 삼성은 이재용 부회장→삼성물산→삼성생명→삼성전자로 이어지는 지배구조를 갖고 있다. 이번 지분 상속을 통해 이 부회장은 삼성물산의 최대 주주(17.97%)이자, 삼성생명의 2대 주주가 됐다. 삼성전자 지분은 1.63%에 불과하지만, 삼성물산과 삼성생명을 통한 지배력이 강화돼 안정적 경영이 가능하게 됐다.                  이재용 지배력 강화…주식 가치 15조원대      아울러 이 부회장이 보유한 주식의 가치는 15조7000억원대로 불어났다. 이 부회장의 기존 자산은 9조3000억원대로 알려졌다. 이날 종가 기준으로 이 부회장이 상속 받은 주식 가치는 삼성생명 1조7000억원, 삼성전자 4조5000억원, 삼성물산 1600억원, 삼성SDS 4억원 등 총 6조3700억원이다.            재계 관계자는 “삼성생명 지분 50%를 이재용 부회장에게 몰아준 것은 홍 전 관장을 비롯한 가족들이 이 부회장의 경영을 돕기 위해 양보한 것으로 해석된다”며 “삼성전자를 포함한 다른 계열사 지분 배분에서는 가족들이 법정 비율을 지켜 각자의 재산권을 최대한 인정했다”고 분석했다. 삼성 측은 “경영상 목적을 위해 이재용 부회장이 (이건희 회장이 보유했던) 삼성생명 주식의 절반을 상속받았다”며 “가족 간 원만히 합의한 결과”라고 말했다.            박형수·최현주 기자 hspark97@joongang.co.kr   





"
news.khan.co.kr,"이재용, 이건희 회장 삼성생명 지분 절반 상속···전자·물산·SDS는 법정비율대로 배분","이재용 삼성전자 부회장이 고 이건희 회장이 보유한 삼성생명 지분의 절반을 물려받으며 삼성전자에 대한 지배력을 공고히 했다. 이 회장의 삼성전자, 삼성물산, 삼성SDS 주식은 유족들이 법정비율대로 상속했다.삼성전자와 삼성물산, 삼성생명 등 삼성 주요계열사는 30일 금융감독원 전자공시시스템을 통해 이 같은 내용의 최대주주 소유주식 변동신고서를 공시했다. 이 회장이 남긴 삼성 계열사 지분은 삼성전자 4.18%와 삼성생명 20.76%, 삼성물산 2.88%, 삼성SDS 0.01% 등이다.이 회장이 소유한 삼성생명 주식 4151만9180주 중 절반인 2075만9591주는 이 부회장이 상속했다. 이부진 호텔신라 사장과 이서현 삼성복지재단이사장은 각각 1383만9726주, 691만9863주씩 받았고 홍라희 여사는 상속에서 제외됐다.이에 따라 이 부회장은 삼성생명 지분율이 기존 0.06%에서 10.44%로 증가하며 2대 주주로 올라섰다. 동시에 ‘삼성물산→삼성생명→삼성전자’로 이어지는 지배구조 안에서 삼성전자에 대한 지배력을 더욱 강화하게 됐다.삼성물산은 지분율을 19.34%로 늘리며 삼성생명의 최대주주가 됐다.이 회장의 삼성전자와 삼성물산, 삼성SDS 주식은 법정비율대로 상속했다.금액으로 가장 큰 규모인 삼성전자 주식은 홍라희 여사가 7709만1066주를 받고 이 부회장 5539만4046주, 이부진 사장과 이서현 이사장이 5539만4044주씩 받았다. 이 같은 상속 결과는 홍 여사 9분의 3, 세 남매 각각 9분의 2을 나눠갖는 법정상속비율과 거의 일치한다. 삼성전자 지분율은 이에 따라 홍 여사 2.3％, 이 부회장 1.63％, 이부진 사장·이서현 삼성복지재단 이사장이 각각 0.93％가 된다.이 회장의 삼성물산 지분 역시 법정비율대로 나눴다. 홍 여사가 180만8577주를 받고 이재용·이부진·이서현 3자녀가 각 120만5720주씩 상속했다.기존 삼성물산 최대주주인 이 부회장의 지분은 17.33%에서 17.97%로 늘었다. 이부진 사장과 이서현 이사장의 지분율은 각각 5.55%에서 6.19%로 증가했고 홍 여사는 새로 0.96%를 취득했다.삼성SDS 지분은 이 부회장이 2158주, 이부진 사장과 이서현 이사장이 각 2155주, 홍라희 여사는 3233주를 상속했다."
www.donga.com,"이재용, 이건희 삼성생명 지분의 50% 상속","
李부회장, 삼성생명 개인 최대주주로
전자-물산 등은 법정 비율대로 나눠
삼성家, 상속세 12조 중 2조 첫 납부
            고(故) 이건희 삼성전자 회장의 삼성 계열사 보유 지분 상속이 이재용 삼성전자 부회장의 경영권을 강화해주는 방향으로 30일 마무리됐다. 삼성생명을 제외한 삼성전자 등의 지분은 법정 상속 비율대로 균등하게 나눴다. 이날 삼성 주요 계열사는 공시를 통해 이 회장 지분 상속에 따른 주요 주주 보유주식 변경을 신고했다. 삼성 일가는 이 회장이 최대주주로 있던 삼성생명(20.76%)의 지분 가운데 50%를 이 부회장에게 몰아주는 방향을 택했다. 부인인 홍라희 전 리움미술관 관장을 제외하고 이 부회장, 이부진 호텔신라 사장, 이서현 삼성복지재단 이사장이 ‘3 대 2 대 1’ 비율로 삼성생명 상속 지분을 받았다.  이로써 이 부회장은 핵심 계열사인 삼성전자를 지배하고 있는 삼성생명의 2대 주주이자, 개인 최대 주주로 올라서게 됐다. 이 부회장을 중심으로 한 ‘삼성물산→삼성생명→삼성전자’로 이어지는 삼성 지배구조가 더욱 견고해진 셈이다. 이 부회장은 삼성물산의 최대주주다. 



 삼성전자, 삼성물산, 삼성SDS는 법정 상속 비율대로 배분했다. 홍 전 관장이 9분의 3을 갖고, 세 자녀가 각각 9분의 2씩을 나눠 가졌다. 이날 삼성 일가는 서울 용산세무서에 상속세 신고를 마쳤다. 이날 12조 원이 넘는 상속세의 6분의 1인 2조 원을 납부했으며 내년부터 5년간 나머지 10조여 원을 분납하게 된다. 서동일 기자 dong@donga.com기자페이지 바로가기> #이재용#이건희#삼성생명#상속
"
news.joins.com,엄마는 상속 사양했다…삼성생명 지분 절반 몰아받은 이재용,"



고(故) 이건희 삼성 회장이 보유하고 있던 삼성생명 주식의 절반을 장남인 이재용 삼성전자 부회장이 상속받았다. 재계에서는 유족 간 합의에 의해 이 부회장의 그룹 경영권을 안정화하는 방향으로 상속이 이뤄졌다고 풀이한다. 이건희 회장의 삼성전자 등 다른 보유 주식은 부인인 홍라희 전 리움미술관 관장과 세 자녀에게 법정 상속비율대로 3:2:2:2로 상속됐다.                        삼성전자 등 법정 상속 비율대로 상속      삼성생명과 삼성전자·삼성물산·삼성SDS는 30일 오후 ‘최대주주 등 소유주식 변동 신고서’를 통해 이 회장의 지분 상속 내용을 공시했다. 이 회장 보유했던 주식은 삼성전자(2억5000만 주·4.18%)와 삼성생명(4152만 주·20.76%), 삼성물산(3267만 주·2.88%), 삼성SDS(712만 주·0.01%)로 상속세 납세 기준으로 약 19조원어치다.             삼성생명을 제외한 계열사 지분은 모두 삼성가(家) 유족들이 법정 비율대로 상속받았다. 배우자인 홍라희 전 관장이 3분의 1을, 이재용 부회장과 이부진 호텔신라 사장, 이서현 삼성복지재단 이사장이 9분의 2씩 받았다.          삼성생명 지분 이재용 부회장에 50% 몰아줘      다만 삼성생명 지분은 이 부회장에게 50%에 해당하는 2076만 주를 몰아주고, 홍 전 관장은 상속을 받지 않았다. 이부진 사장은 1384만 주, 이서현 이사장은 692만 주를 받았다. 세 자녀의 지분 비율은 대략 3:2:1이다. 이로써 이 부회장의 삼성생명 지분율은 0.06%에서 상속 후 10.44%로 높아진다.             재계에서는 이 부회장에게 삼성생명 지분을 몰아줌으로써 그룹의 지배구조를 안정화할 수 있다고 본다. 삼성은 이재용 부회장→삼성물산→삼성생명→삼성전자로 이어지는 지배구조를 갖고 있다. 이번 지분 상속을 통해 이 부회장은 삼성물산의 최대 주주(17.97%)이자, 삼성생명의 2대 주주가 됐다. 삼성전자 지분은 1.63%에 불과하지만, 삼성물산과 삼성생명을 통한 지배력이 강화돼 안정적 경영이 가능하게 됐다.                  이재용 지배력 강화…주식 가치 15조원대      아울러 이 부회장이 보유한 주식의 가치는 15조7000억원대로 불어났다. 이 부회장의 기존 자산은 9조3000억원대로 알려졌다. 이날 종가 기준으로 이 부회장이 상속 받은 주식 가치는 삼성생명 1조7000억원, 삼성전자 4조5000억원, 삼성물산 1600억원, 삼성SDS 4억원 등 총 6조3700억원이다.            재계 관계자는 “삼성생명 지분 50%를 이재용 부회장에게 몰아준 것은 홍 전 관장을 비롯한 가족들이 이 부회장의 경영을 돕기 위해 양보한 것으로 해석된다”며 “삼성전자를 포함한 다른 계열사 지분 배분에서는 가족들이 법정 비율을 지켜 각자의 재산권을 최대한 인정했다”고 분석했다. 삼성 측은 “경영상 목적을 위해 이재용 부회장이 (이건희 회장이 보유했던) 삼성생명 주식의 절반을 상속받았다”며 “가족 간 원만히 합의한 결과”라고 말했다.            박형수·최현주 기자 hspark97@joongang.co.kr   





"
news.khan.co.kr,"이재용, 이건희 회장 삼성생명 지분 절반 상속···전자·물산·SDS는 법정비율대로 배분","이재용 삼성전자 부회장이 고 이건희 회장이 보유한 삼성생명 지분의 절반을 물려받으며 삼성전자에 대한 지배력을 공고히 했다. 이 회장의 삼성전자, 삼성물산, 삼성SDS 주식은 유족들이 법정비율대로 상속했다.삼성전자와 삼성물산, 삼성생명 등 삼성 주요계열사는 30일 금융감독원 전자공시시스템을 통해 이 같은 내용의 최대주주 소유주식 변동신고서를 공시했다. 이 회장이 남긴 삼성 계열사 지분은 삼성전자 4.18%와 삼성생명 20.76%, 삼성물산 2.88%, 삼성SDS 0.01% 등이다.이 회장이 소유한 삼성생명 주식 4151만9180주 중 절반인 2075만9591주는 이 부회장이 상속했다. 이부진 호텔신라 사장과 이서현 삼성복지재단이사장은 각각 1383만9726주, 691만9863주씩 받았고 홍라희 여사는 상속에서 제외됐다.이에 따라 이 부회장은 삼성생명 지분율이 기존 0.06%에서 10.44%로 증가하며 2대 주주로 올라섰다. 동시에 ‘삼성물산→삼성생명→삼성전자’로 이어지는 지배구조 안에서 삼성전자에 대한 지배력을 더욱 강화하게 됐다.삼성물산은 지분율을 19.34%로 늘리며 삼성생명의 최대주주가 됐다.이 회장의 삼성전자와 삼성물산, 삼성SDS 주식은 법정비율대로 상속했다.금액으로 가장 큰 규모인 삼성전자 주식은 홍라희 여사가 7709만1066주를 받고 이 부회장 5539만4046주, 이부진 사장과 이서현 이사장이 5539만4044주씩 받았다. 이 같은 상속 결과는 홍 여사 9분의 3, 세 남매 각각 9분의 2을 나눠갖는 법정상속비율과 거의 일치한다. 삼성전자 지분율은 이에 따라 홍 여사 2.3％, 이 부회장 1.63％, 이부진 사장·이서현 삼성복지재단 이사장이 각각 0.93％가 된다.이 회장의 삼성물산 지분 역시 법정비율대로 나눴다. 홍 여사가 180만8577주를 받고 이재용·이부진·이서현 3자녀가 각 120만5720주씩 상속했다.기존 삼성물산 최대주주인 이 부회장의 지분은 17.33%에서 17.97%로 늘었다. 이부진 사장과 이서현 이사장의 지분율은 각각 5.55%에서 6.19%로 증가했고 홍 여사는 새로 0.96%를 취득했다.삼성SDS 지분은 이 부회장이 2158주, 이부진 사장과 이서현 이사장이 각 2155주, 홍라희 여사는 3233주를 상속했다."
yna.kr,삼성생명 2대 주주된 이재용…그룹 장악했다(종합)," (서울=연합뉴스) 서미숙 기자 = 삼성 이건희 회장의 삼성전자, 삼성생명[032830] 등 계열사 주식을 이재용 부회장을 비롯한 유족들이 모두 상속받았다.  이 회장이 보유한 삼성전자 지분을 이재용 부회장 등 3남매와 홍라희 여사가 법정 비율대로 분할하고, 삼성전자를 지배하는 삼성생명 이 회장 지분 절반은 이재용 부회장에게 몰아줬다.  이로써 '이재용 부회장-삼성물산[028260]-삼성생명-삼성전자'로 이어지는 그룹의 연결고리가 단단해졌다. 이 부회장의 삼성전자에 대한 경영권을 강화하면서 가족간 지분 분쟁을 차단하고, 상속세 마련을 고려한 배분이라는 해석이 나온다.  흔히 재벌들이 유산 상속을 놓고 벌이는 분쟁 없이 유산 상속이 마무리됐다. 삼성 일가 모습 [연합뉴스 자료사진] ◇ 이 회장 지분 유족이 모두 상속…경영권 안정 최우선, 가족간 화합도 고려 삼성 일가는 30일 이건희 회장 유산에 대해 국세청에 12조원 중반에 달하는 상속세를 신고·납부하면서 주식 지분 분할까지 마쳤다.  삼성전자 등 계열사는 이건희 회장이 보유하고 있던 지분 변동 내역을 이날 일제히 공시했다. 앞서 금융위원회에 삼성생명 최대주주 변경 신고를 하면서 지분 분할을 하지 않아 유족간 분쟁이 있는 것이 아니냐는 지적도 있었으나 그러한 이견은 없었다는 게 삼성측의 설명이다. 이 회장이 남긴 주식은 삼성전자 4.18%와 삼성생명 20.76%, 삼성물산 2.88%, 삼성SDS 0.01% 등이다. 삼성 일가는 이 회장의 주식을 분할하면서 안정적인 경영권 유지를 최우선적으로 고려했다.  삼성전자 공시에 따르면 삼성 일가는 이재용 삼성전자 부회장을 포함해 홍라희 여사, 이부진 호텔신라[008770] 사장, 이서현 삼성복지재단 이사장 등 4명의 가족이 이건희 회장이 보유한 삼성전자 주식을 법정 지분대로 상속받았다. 일각에서는 삼성전자 지분을 이재용 부회장이 모두 받을 것이라는 관측도 있었으나 유족들이 법정 비율대로 나눈 것이다.  이로써 삼성전자 지분율은 홍라희 여사가 2.3％로 개인 최대주주가 됐고, 이재용 부회장이 종전 0.76%에서 1.63％로 늘었다. 부진·서현 자매는 각각 0.93％를 신규 취득했다.  그룹의 핵심인 삼성전자 지분을 법정 지분대로 상속해 일각에서 우려한 가족간 분쟁을 없앤 것이다. 이건희 회장의 지분 4.18%를 이 부회장이 모두 넘겨받을 경우 상속세 납부 부담도 고려한 조치로 보인다. 이 회장의 삼성전자 지분 4.18%에 대한 상속세가 9조원에 달해 이 부회장이 혼자 감당할 수 없는 수준이라는 것이다. 유족의 주식 배당금의 대부분을 차지하는 삼성전자 지분을 나눠 가지면서 12조원이 넘는 막대한 상속세 마련에 대비한 것으로 분석된다.  상속세 부담을 줄이기 위해 삼성복지재단 등에 주식을 증여하는 방법도 있었으나 유족들은 '꼼수'를 쓰지 않고 지분 전체를 상속받는 정공법을 택했다. 삼성 서초 사옥 [연합뉴스 자료사진] ◇ 이재용 부회장 삼성생명 지분 절반 상속…전자 지배력 강화 삼성전자 주식은 법정 비율대로 나눠 가졌지만 이 부회장은 삼성생명 주식을 법정비율보다 많이 상속받으면서 그룹 지배력을 키웠다. 삼성생명은 삼성전자의 최대 주주다. 이건희 회장이 삼성생명의 지분 20.76%를 보유한 1대 주주로, 삼성생명을 통해 삼성전자를 지배해왔는데 이재용 부회장이 이 회장의 지분 절반을 받음으로써 경영권 안정을 꾀한 것이다.  이 부회장은 종전에 삼성생명 지분 0.06%를 보유하고 있었으나 지분율이 10.44%로 늘었다.  1대 주주가 된 삼성물산(19.34%)에 이어 2대 주주이자 개인 최대 주주가 됐다. 이 회장의 삼성생명 지분 상속에서 홍라희 여사는 제외되고 부진·서현 자매가 이 회장의 지분을 각각 6.92%, 3.46% 나눠 받았다. 전체적으로도 이 회장의 삼성생명 지분을 유족들이 나눠 가지면서 삼성전자에 대한 지배력은 그대로 유지한 것이다. 그러면서 이부진 사장이 이서현 사장에 비해 생명 지분을 더 받아 사실상 삼성그룹의 2인자로 올라섰다.  추후 이재용 부회장을 돕거나 견제할 수 있는 카드로 이부진 사장이 부상한 것이다. 이 회장이 가진 삼성물산과 삼성SDS 지분은 법정상속 비율에 따라 홍라희 여사가 9분의 3, 이재용·이부진·이서현이 각각 9분의 2를 받는 것으로 정리됐다. 삼성물산 최대주주인 이재용 삼성전자 부회장의 지분(보통주 기준)은 17.48%에서 18.13%(보통주 기준)로 늘었고, 이부진 호텔신라 사장과 이서현 삼성복지재단 이사장의 지분율은 각각 5.60%에서 6.24%로 증가했다. 홍 여사는 새로 0.97%를 취득했다. 유족들이 주식 전체를 상속받음에 따라 '이재용 부회장-삼성물산-삼성생명-삼성전자'로 이어지는 지배구조는 그대로 유지되게 됐다. 재계 관계자는 ""이번 지분 분할 구도로 볼 때 지배구조는 그대로 유지하면서 이재용 부회장의 삼성전자 지배는 강화함으로써 삼성 경영권 안정에 방점을 둔 것""이라며 ""가족 간 분쟁없이 화합을 통해 상속이 잘 마무리한 것 같다""고 평가했다.  유족들은 이날 약 12조5천억원에 달하는 상속세를 납부하면서 1차 세액 2조여원을 예금과 금융권 대출로 마련한 것으로 전해졌다. 2차분부터는 상속세 마련을 위해 그룹 지배구조 하단에 있는 삼성SDS 등 일부 주식을 매각하는 방안 등이 검토되는 것으로 알려졌다.  sms@yna.co.kr(서울=연합뉴스) 김영은 기자 = 0eun@yna.co.kr 페이스북 tuney.kr/LeYN1 트위터 @yonhap_graphics삼성일가, 수천억원 신용대출 받아 상속세 낸다…이재용 사면은 / 연합뉴스 (Yonhapnews) """
yna.kr,삼성생명 2대 주주된 이재용…그룹 장악했다(종합)," (서울=연합뉴스) 서미숙 기자 = 삼성 이건희 회장의 삼성전자, 삼성생명[032830] 등 계열사 주식을 이재용 부회장을 비롯한 유족들이 모두 상속받았다.  이 회장이 보유한 삼성전자 지분을 이재용 부회장 등 3남매와 홍라희 여사가 법정 비율대로 분할하고, 삼성전자를 지배하는 삼성생명 이 회장 지분 절반은 이재용 부회장에게 몰아줬다.  이로써 '이재용 부회장-삼성물산[028260]-삼성생명-삼성전자'로 이어지는 그룹의 연결고리가 단단해졌다. 이 부회장의 삼성전자에 대한 경영권을 강화하면서 가족간 지분 분쟁을 차단하고, 상속세 마련을 고려한 배분이라는 해석이 나온다.  흔히 재벌들이 유산 상속을 놓고 벌이는 분쟁 없이 유산 상속이 마무리됐다. 삼성 일가 모습 [연합뉴스 자료사진] ◇ 이 회장 지분 유족이 모두 상속…경영권 안정 최우선, 가족간 화합도 고려 삼성 일가는 30일 이건희 회장 유산에 대해 국세청에 12조원 중반에 달하는 상속세를 신고·납부하면서 주식 지분 분할까지 마쳤다.  삼성전자 등 계열사는 이건희 회장이 보유하고 있던 지분 변동 내역을 이날 일제히 공시했다. 앞서 금융위원회에 삼성생명 최대주주 변경 신고를 하면서 지분 분할을 하지 않아 유족간 분쟁이 있는 것이 아니냐는 지적도 있었으나 그러한 이견은 없었다는 게 삼성측의 설명이다. 이 회장이 남긴 주식은 삼성전자 4.18%와 삼성생명 20.76%, 삼성물산 2.88%, 삼성SDS 0.01% 등이다. 삼성 일가는 이 회장의 주식을 분할하면서 안정적인 경영권 유지를 최우선적으로 고려했다.  삼성전자 공시에 따르면 삼성 일가는 이재용 삼성전자 부회장을 포함해 홍라희 여사, 이부진 호텔신라[008770] 사장, 이서현 삼성복지재단 이사장 등 4명의 가족이 이건희 회장이 보유한 삼성전자 주식을 법정 지분대로 상속받았다. 일각에서는 삼성전자 지분을 이재용 부회장이 모두 받을 것이라는 관측도 있었으나 유족들이 법정 비율대로 나눈 것이다.  이로써 삼성전자 지분율은 홍라희 여사가 2.3％로 개인 최대주주가 됐고, 이재용 부회장이 종전 0.76%에서 1.63％로 늘었다. 부진·서현 자매는 각각 0.93％를 신규 취득했다.  그룹의 핵심인 삼성전자 지분을 법정 지분대로 상속해 일각에서 우려한 가족간 분쟁을 없앤 것이다. 이건희 회장의 지분 4.18%를 이 부회장이 모두 넘겨받을 경우 상속세 납부 부담도 고려한 조치로 보인다. 이 회장의 삼성전자 지분 4.18%에 대한 상속세가 9조원에 달해 이 부회장이 혼자 감당할 수 없는 수준이라는 것이다. 유족의 주식 배당금의 대부분을 차지하는 삼성전자 지분을 나눠 가지면서 12조원이 넘는 막대한 상속세 마련에 대비한 것으로 분석된다.  상속세 부담을 줄이기 위해 삼성복지재단 등에 주식을 증여하는 방법도 있었으나 유족들은 '꼼수'를 쓰지 않고 지분 전체를 상속받는 정공법을 택했다. 삼성 서초 사옥 [연합뉴스 자료사진] ◇ 이재용 부회장 삼성생명 지분 절반 상속…전자 지배력 강화 삼성전자 주식은 법정 비율대로 나눠 가졌지만 이 부회장은 삼성생명 주식을 법정비율보다 많이 상속받으면서 그룹 지배력을 키웠다. 삼성생명은 삼성전자의 최대 주주다. 이건희 회장이 삼성생명의 지분 20.76%를 보유한 1대 주주로, 삼성생명을 통해 삼성전자를 지배해왔는데 이재용 부회장이 이 회장의 지분 절반을 받음으로써 경영권 안정을 꾀한 것이다.  이 부회장은 종전에 삼성생명 지분 0.06%를 보유하고 있었으나 지분율이 10.44%로 늘었다.  1대 주주가 된 삼성물산(19.34%)에 이어 2대 주주이자 개인 최대 주주가 됐다. 이 회장의 삼성생명 지분 상속에서 홍라희 여사는 제외되고 부진·서현 자매가 이 회장의 지분을 각각 6.92%, 3.46% 나눠 받았다. 전체적으로도 이 회장의 삼성생명 지분을 유족들이 나눠 가지면서 삼성전자에 대한 지배력은 그대로 유지한 것이다. 그러면서 이부진 사장이 이서현 사장에 비해 생명 지분을 더 받아 사실상 삼성그룹의 2인자로 올라섰다.  추후 이재용 부회장을 돕거나 견제할 수 있는 카드로 이부진 사장이 부상한 것이다. 이 회장이 가진 삼성물산과 삼성SDS 지분은 법정상속 비율에 따라 홍라희 여사가 9분의 3, 이재용·이부진·이서현이 각각 9분의 2를 받는 것으로 정리됐다. 삼성물산 최대주주인 이재용 삼성전자 부회장의 지분(보통주 기준)은 17.48%에서 18.13%(보통주 기준)로 늘었고, 이부진 호텔신라 사장과 이서현 삼성복지재단 이사장의 지분율은 각각 5.60%에서 6.24%로 증가했다. 홍 여사는 새로 0.97%를 취득했다. 유족들이 주식 전체를 상속받음에 따라 '이재용 부회장-삼성물산-삼성생명-삼성전자'로 이어지는 지배구조는 그대로 유지되게 됐다. 재계 관계자는 ""이번 지분 분할 구도로 볼 때 지배구조는 그대로 유지하면서 이재용 부회장의 삼성전자 지배는 강화함으로써 삼성 경영권 안정에 방점을 둔 것""이라며 ""가족 간 분쟁없이 화합을 통해 상속이 잘 마무리한 것 같다""고 평가했다.  유족들은 이날 약 12조5천억원에 달하는 상속세를 납부하면서 1차 세액 2조여원을 예금과 금융권 대출로 마련한 것으로 전해졌다. 2차분부터는 상속세 마련을 위해 그룹 지배구조 하단에 있는 삼성SDS 등 일부 주식을 매각하는 방안 등이 검토되는 것으로 알려졌다.  sms@yna.co.kr(서울=연합뉴스) 김영은 기자 = 0eun@yna.co.kr 페이스북 tuney.kr/LeYN1 트위터 @yonhap_graphics삼성일가, 수천억원 신용대출 받아 상속세 낸다…이재용 사면은 / 연합뉴스 (Yonhapnews) """
yna.kr,삼성생명 2대 주주된 이재용…그룹 장악했다(종합)," (서울=연합뉴스) 서미숙 기자 = 삼성 이건희 회장의 삼성전자, 삼성생명[032830] 등 계열사 주식을 이재용 부회장을 비롯한 유족들이 모두 상속받았다.  이 회장이 보유한 삼성전자 지분을 이재용 부회장 등 3남매와 홍라희 여사가 법정 비율대로 분할하고, 삼성전자를 지배하는 삼성생명 이 회장 지분 절반은 이재용 부회장에게 몰아줬다.  이로써 '이재용 부회장-삼성물산[028260]-삼성생명-삼성전자'로 이어지는 그룹의 연결고리가 단단해졌다. 이 부회장의 삼성전자에 대한 경영권을 강화하면서 가족간 지분 분쟁을 차단하고, 상속세 마련을 고려한 배분이라는 해석이 나온다.  흔히 재벌들이 유산 상속을 놓고 벌이는 분쟁 없이 유산 상속이 마무리됐다. 삼성 일가 모습 [연합뉴스 자료사진] ◇ 이 회장 지분 유족이 모두 상속…경영권 안정 최우선, 가족간 화합도 고려 삼성 일가는 30일 이건희 회장 유산에 대해 국세청에 12조원 중반에 달하는 상속세를 신고·납부하면서 주식 지분 분할까지 마쳤다.  삼성전자 등 계열사는 이건희 회장이 보유하고 있던 지분 변동 내역을 이날 일제히 공시했다. 앞서 금융위원회에 삼성생명 최대주주 변경 신고를 하면서 지분 분할을 하지 않아 유족간 분쟁이 있는 것이 아니냐는 지적도 있었으나 그러한 이견은 없었다는 게 삼성측의 설명이다. 이 회장이 남긴 주식은 삼성전자 4.18%와 삼성생명 20.76%, 삼성물산 2.88%, 삼성SDS 0.01% 등이다. 삼성 일가는 이 회장의 주식을 분할하면서 안정적인 경영권 유지를 최우선적으로 고려했다.  삼성전자 공시에 따르면 삼성 일가는 이재용 삼성전자 부회장을 포함해 홍라희 여사, 이부진 호텔신라[008770] 사장, 이서현 삼성복지재단 이사장 등 4명의 가족이 이건희 회장이 보유한 삼성전자 주식을 법정 지분대로 상속받았다. 일각에서는 삼성전자 지분을 이재용 부회장이 모두 받을 것이라는 관측도 있었으나 유족들이 법정 비율대로 나눈 것이다.  이로써 삼성전자 지분율은 홍라희 여사가 2.3％로 개인 최대주주가 됐고, 이재용 부회장이 종전 0.76%에서 1.63％로 늘었다. 부진·서현 자매는 각각 0.93％를 신규 취득했다.  그룹의 핵심인 삼성전자 지분을 법정 지분대로 상속해 일각에서 우려한 가족간 분쟁을 없앤 것이다. 이건희 회장의 지분 4.18%를 이 부회장이 모두 넘겨받을 경우 상속세 납부 부담도 고려한 조치로 보인다. 이 회장의 삼성전자 지분 4.18%에 대한 상속세가 9조원에 달해 이 부회장이 혼자 감당할 수 없는 수준이라는 것이다. 유족의 주식 배당금의 대부분을 차지하는 삼성전자 지분을 나눠 가지면서 12조원이 넘는 막대한 상속세 마련에 대비한 것으로 분석된다.  상속세 부담을 줄이기 위해 삼성복지재단 등에 주식을 증여하는 방법도 있었으나 유족들은 '꼼수'를 쓰지 않고 지분 전체를 상속받는 정공법을 택했다. 삼성 서초 사옥 [연합뉴스 자료사진] ◇ 이재용 부회장 삼성생명 지분 절반 상속…전자 지배력 강화 삼성전자 주식은 법정 비율대로 나눠 가졌지만 이 부회장은 삼성생명 주식을 법정비율보다 많이 상속받으면서 그룹 지배력을 키웠다. 삼성생명은 삼성전자의 최대 주주다. 이건희 회장이 삼성생명의 지분 20.76%를 보유한 1대 주주로, 삼성생명을 통해 삼성전자를 지배해왔는데 이재용 부회장이 이 회장의 지분 절반을 받음으로써 경영권 안정을 꾀한 것이다.  이 부회장은 종전에 삼성생명 지분 0.06%를 보유하고 있었으나 지분율이 10.44%로 늘었다.  1대 주주가 된 삼성물산(19.34%)에 이어 2대 주주이자 개인 최대 주주가 됐다. 이 회장의 삼성생명 지분 상속에서 홍라희 여사는 제외되고 부진·서현 자매가 이 회장의 지분을 각각 6.92%, 3.46% 나눠 받았다. 전체적으로도 이 회장의 삼성생명 지분을 유족들이 나눠 가지면서 삼성전자에 대한 지배력은 그대로 유지한 것이다. 그러면서 이부진 사장이 이서현 사장에 비해 생명 지분을 더 받아 사실상 삼성그룹의 2인자로 올라섰다.  추후 이재용 부회장을 돕거나 견제할 수 있는 카드로 이부진 사장이 부상한 것이다. 이 회장이 가진 삼성물산과 삼성SDS 지분은 법정상속 비율에 따라 홍라희 여사가 9분의 3, 이재용·이부진·이서현이 각각 9분의 2를 받는 것으로 정리됐다. 삼성물산 최대주주인 이재용 삼성전자 부회장의 지분(보통주 기준)은 17.48%에서 18.13%(보통주 기준)로 늘었고, 이부진 호텔신라 사장과 이서현 삼성복지재단 이사장의 지분율은 각각 5.60%에서 6.24%로 증가했다. 홍 여사는 새로 0.97%를 취득했다. 유족들이 주식 전체를 상속받음에 따라 '이재용 부회장-삼성물산-삼성생명-삼성전자'로 이어지는 지배구조는 그대로 유지되게 됐다. 재계 관계자는 ""이번 지분 분할 구도로 볼 때 지배구조는 그대로 유지하면서 이재용 부회장의 삼성전자 지배는 강화함으로써 삼성 경영권 안정에 방점을 둔 것""이라며 ""가족 간 분쟁없이 화합을 통해 상속이 잘 마무리한 것 같다""고 평가했다.  유족들은 이날 약 12조5천억원에 달하는 상속세를 납부하면서 1차 세액 2조여원을 예금과 금융권 대출로 마련한 것으로 전해졌다. 2차분부터는 상속세 마련을 위해 그룹 지배구조 하단에 있는 삼성SDS 등 일부 주식을 매각하는 방안 등이 검토되는 것으로 알려졌다.  sms@yna.co.kr(서울=연합뉴스) 김영은 기자 = 0eun@yna.co.kr 페이스북 tuney.kr/LeYN1 트위터 @yonhap_graphics삼성일가, 수천억원 신용대출 받아 상속세 낸다…이재용 사면은 / 연합뉴스 (Yonhapnews) """
yna.kr,삼성생명 2대 주주된 이재용…그룹 장악했다(종합)," (서울=연합뉴스) 서미숙 기자 = 삼성 이건희 회장의 삼성전자, 삼성생명[032830] 등 계열사 주식을 이재용 부회장을 비롯한 유족들이 모두 상속받았다.  이 회장이 보유한 삼성전자 지분을 이재용 부회장 등 3남매와 홍라희 여사가 법정 비율대로 분할하고, 삼성전자를 지배하는 삼성생명 이 회장 지분 절반은 이재용 부회장에게 몰아줬다.  이로써 '이재용 부회장-삼성물산[028260]-삼성생명-삼성전자'로 이어지는 그룹의 연결고리가 단단해졌다. 이 부회장의 삼성전자에 대한 경영권을 강화하면서 가족간 지분 분쟁을 차단하고, 상속세 마련을 고려한 배분이라는 해석이 나온다.  흔히 재벌들이 유산 상속을 놓고 벌이는 분쟁 없이 유산 상속이 마무리됐다. 삼성 일가 모습 [연합뉴스 자료사진] ◇ 이 회장 지분 유족이 모두 상속…경영권 안정 최우선, 가족간 화합도 고려 삼성 일가는 30일 이건희 회장 유산에 대해 국세청에 12조원 중반에 달하는 상속세를 신고·납부하면서 주식 지분 분할까지 마쳤다.  삼성전자 등 계열사는 이건희 회장이 보유하고 있던 지분 변동 내역을 이날 일제히 공시했다. 앞서 금융위원회에 삼성생명 최대주주 변경 신고를 하면서 지분 분할을 하지 않아 유족간 분쟁이 있는 것이 아니냐는 지적도 있었으나 그러한 이견은 없었다는 게 삼성측의 설명이다. 이 회장이 남긴 주식은 삼성전자 4.18%와 삼성생명 20.76%, 삼성물산 2.88%, 삼성SDS 0.01% 등이다. 삼성 일가는 이 회장의 주식을 분할하면서 안정적인 경영권 유지를 최우선적으로 고려했다.  삼성전자 공시에 따르면 삼성 일가는 이재용 삼성전자 부회장을 포함해 홍라희 여사, 이부진 호텔신라[008770] 사장, 이서현 삼성복지재단 이사장 등 4명의 가족이 이건희 회장이 보유한 삼성전자 주식을 법정 지분대로 상속받았다. 일각에서는 삼성전자 지분을 이재용 부회장이 모두 받을 것이라는 관측도 있었으나 유족들이 법정 비율대로 나눈 것이다.  이로써 삼성전자 지분율은 홍라희 여사가 2.3％로 개인 최대주주가 됐고, 이재용 부회장이 종전 0.76%에서 1.63％로 늘었다. 부진·서현 자매는 각각 0.93％를 신규 취득했다.  그룹의 핵심인 삼성전자 지분을 법정 지분대로 상속해 일각에서 우려한 가족간 분쟁을 없앤 것이다. 이건희 회장의 지분 4.18%를 이 부회장이 모두 넘겨받을 경우 상속세 납부 부담도 고려한 조치로 보인다. 이 회장의 삼성전자 지분 4.18%에 대한 상속세가 9조원에 달해 이 부회장이 혼자 감당할 수 없는 수준이라는 것이다. 유족의 주식 배당금의 대부분을 차지하는 삼성전자 지분을 나눠 가지면서 12조원이 넘는 막대한 상속세 마련에 대비한 것으로 분석된다.  상속세 부담을 줄이기 위해 삼성복지재단 등에 주식을 증여하는 방법도 있었으나 유족들은 '꼼수'를 쓰지 않고 지분 전체를 상속받는 정공법을 택했다. 삼성 서초 사옥 [연합뉴스 자료사진] ◇ 이재용 부회장 삼성생명 지분 절반 상속…전자 지배력 강화 삼성전자 주식은 법정 비율대로 나눠 가졌지만 이 부회장은 삼성생명 주식을 법정비율보다 많이 상속받으면서 그룹 지배력을 키웠다. 삼성생명은 삼성전자의 최대 주주다. 이건희 회장이 삼성생명의 지분 20.76%를 보유한 1대 주주로, 삼성생명을 통해 삼성전자를 지배해왔는데 이재용 부회장이 이 회장의 지분 절반을 받음으로써 경영권 안정을 꾀한 것이다.  이 부회장은 종전에 삼성생명 지분 0.06%를 보유하고 있었으나 지분율이 10.44%로 늘었다.  1대 주주가 된 삼성물산(19.34%)에 이어 2대 주주이자 개인 최대 주주가 됐다. 이 회장의 삼성생명 지분 상속에서 홍라희 여사는 제외되고 부진·서현 자매가 이 회장의 지분을 각각 6.92%, 3.46% 나눠 받았다. 전체적으로도 이 회장의 삼성생명 지분을 유족들이 나눠 가지면서 삼성전자에 대한 지배력은 그대로 유지한 것이다. 그러면서 이부진 사장이 이서현 사장에 비해 생명 지분을 더 받아 사실상 삼성그룹의 2인자로 올라섰다.  추후 이재용 부회장을 돕거나 견제할 수 있는 카드로 이부진 사장이 부상한 것이다. 이 회장이 가진 삼성물산과 삼성SDS 지분은 법정상속 비율에 따라 홍라희 여사가 9분의 3, 이재용·이부진·이서현이 각각 9분의 2를 받는 것으로 정리됐다. 삼성물산 최대주주인 이재용 삼성전자 부회장의 지분(보통주 기준)은 17.48%에서 18.13%(보통주 기준)로 늘었고, 이부진 호텔신라 사장과 이서현 삼성복지재단 이사장의 지분율은 각각 5.60%에서 6.24%로 증가했다. 홍 여사는 새로 0.97%를 취득했다. 유족들이 주식 전체를 상속받음에 따라 '이재용 부회장-삼성물산-삼성생명-삼성전자'로 이어지는 지배구조는 그대로 유지되게 됐다. 재계 관계자는 ""이번 지분 분할 구도로 볼 때 지배구조는 그대로 유지하면서 이재용 부회장의 삼성전자 지배는 강화함으로써 삼성 경영권 안정에 방점을 둔 것""이라며 ""가족 간 분쟁없이 화합을 통해 상속이 잘 마무리한 것 같다""고 평가했다.  유족들은 이날 약 12조5천억원에 달하는 상속세를 납부하면서 1차 세액 2조여원을 예금과 금융권 대출로 마련한 것으로 전해졌다. 2차분부터는 상속세 마련을 위해 그룹 지배구조 하단에 있는 삼성SDS 등 일부 주식을 매각하는 방안 등이 검토되는 것으로 알려졌다.  sms@yna.co.kr(서울=연합뉴스) 김영은 기자 = 0eun@yna.co.kr 페이스북 tuney.kr/LeYN1 트위터 @yonhap_graphics삼성일가, 수천억원 신용대출 받아 상속세 낸다…이재용 사면은 / 연합뉴스 (Yonhapnews) """
yna.kr,삼성생명 2대 주주된 이재용…그룹 장악했다(종합)," (서울=연합뉴스) 서미숙 기자 = 삼성 이건희 회장의 삼성전자, 삼성생명[032830] 등 계열사 주식을 이재용 부회장을 비롯한 유족들이 모두 상속받았다.  이 회장이 보유한 삼성전자 지분을 이재용 부회장 등 3남매와 홍라희 여사가 법정 비율대로 분할하고, 삼성전자를 지배하는 삼성생명 이 회장 지분 절반은 이재용 부회장에게 몰아줬다.  이로써 '이재용 부회장-삼성물산[028260]-삼성생명-삼성전자'로 이어지는 그룹의 연결고리가 단단해졌다. 이 부회장의 삼성전자에 대한 경영권을 강화하면서 가족간 지분 분쟁을 차단하고, 상속세 마련을 고려한 배분이라는 해석이 나온다.  흔히 재벌들이 유산 상속을 놓고 벌이는 분쟁 없이 유산 상속이 마무리됐다. 삼성 일가 모습 [연합뉴스 자료사진] ◇ 이 회장 지분 유족이 모두 상속…경영권 안정 최우선, 가족간 화합도 고려 삼성 일가는 30일 이건희 회장 유산에 대해 국세청에 12조원 중반에 달하는 상속세를 신고·납부하면서 주식 지분 분할까지 마쳤다.  삼성전자 등 계열사는 이건희 회장이 보유하고 있던 지분 변동 내역을 이날 일제히 공시했다. 앞서 금융위원회에 삼성생명 최대주주 변경 신고를 하면서 지분 분할을 하지 않아 유족간 분쟁이 있는 것이 아니냐는 지적도 있었으나 그러한 이견은 없었다는 게 삼성측의 설명이다. 이 회장이 남긴 주식은 삼성전자 4.18%와 삼성생명 20.76%, 삼성물산 2.88%, 삼성SDS 0.01% 등이다. 삼성 일가는 이 회장의 주식을 분할하면서 안정적인 경영권 유지를 최우선적으로 고려했다.  삼성전자 공시에 따르면 삼성 일가는 이재용 삼성전자 부회장을 포함해 홍라희 여사, 이부진 호텔신라[008770] 사장, 이서현 삼성복지재단 이사장 등 4명의 가족이 이건희 회장이 보유한 삼성전자 주식을 법정 지분대로 상속받았다. 일각에서는 삼성전자 지분을 이재용 부회장이 모두 받을 것이라는 관측도 있었으나 유족들이 법정 비율대로 나눈 것이다.  이로써 삼성전자 지분율은 홍라희 여사가 2.3％로 개인 최대주주가 됐고, 이재용 부회장이 종전 0.76%에서 1.63％로 늘었다. 부진·서현 자매는 각각 0.93％를 신규 취득했다.  그룹의 핵심인 삼성전자 지분을 법정 지분대로 상속해 일각에서 우려한 가족간 분쟁을 없앤 것이다. 이건희 회장의 지분 4.18%를 이 부회장이 모두 넘겨받을 경우 상속세 납부 부담도 고려한 조치로 보인다. 이 회장의 삼성전자 지분 4.18%에 대한 상속세가 9조원에 달해 이 부회장이 혼자 감당할 수 없는 수준이라는 것이다. 유족의 주식 배당금의 대부분을 차지하는 삼성전자 지분을 나눠 가지면서 12조원이 넘는 막대한 상속세 마련에 대비한 것으로 분석된다.  상속세 부담을 줄이기 위해 삼성복지재단 등에 주식을 증여하는 방법도 있었으나 유족들은 '꼼수'를 쓰지 않고 지분 전체를 상속받는 정공법을 택했다. 삼성 서초 사옥 [연합뉴스 자료사진] ◇ 이재용 부회장 삼성생명 지분 절반 상속…전자 지배력 강화 삼성전자 주식은 법정 비율대로 나눠 가졌지만 이 부회장은 삼성생명 주식을 법정비율보다 많이 상속받으면서 그룹 지배력을 키웠다. 삼성생명은 삼성전자의 최대 주주다. 이건희 회장이 삼성생명의 지분 20.76%를 보유한 1대 주주로, 삼성생명을 통해 삼성전자를 지배해왔는데 이재용 부회장이 이 회장의 지분 절반을 받음으로써 경영권 안정을 꾀한 것이다.  이 부회장은 종전에 삼성생명 지분 0.06%를 보유하고 있었으나 지분율이 10.44%로 늘었다.  1대 주주가 된 삼성물산(19.34%)에 이어 2대 주주이자 개인 최대 주주가 됐다. 이 회장의 삼성생명 지분 상속에서 홍라희 여사는 제외되고 부진·서현 자매가 이 회장의 지분을 각각 6.92%, 3.46% 나눠 받았다. 전체적으로도 이 회장의 삼성생명 지분을 유족들이 나눠 가지면서 삼성전자에 대한 지배력은 그대로 유지한 것이다. 그러면서 이부진 사장이 이서현 사장에 비해 생명 지분을 더 받아 사실상 삼성그룹의 2인자로 올라섰다.  추후 이재용 부회장을 돕거나 견제할 수 있는 카드로 이부진 사장이 부상한 것이다. 이 회장이 가진 삼성물산과 삼성SDS 지분은 법정상속 비율에 따라 홍라희 여사가 9분의 3, 이재용·이부진·이서현이 각각 9분의 2를 받는 것으로 정리됐다. 삼성물산 최대주주인 이재용 삼성전자 부회장의 지분(보통주 기준)은 17.48%에서 18.13%(보통주 기준)로 늘었고, 이부진 호텔신라 사장과 이서현 삼성복지재단 이사장의 지분율은 각각 5.60%에서 6.24%로 증가했다. 홍 여사는 새로 0.97%를 취득했다. 유족들이 주식 전체를 상속받음에 따라 '이재용 부회장-삼성물산-삼성생명-삼성전자'로 이어지는 지배구조는 그대로 유지되게 됐다. 재계 관계자는 ""이번 지분 분할 구도로 볼 때 지배구조는 그대로 유지하면서 이재용 부회장의 삼성전자 지배는 강화함으로써 삼성 경영권 안정에 방점을 둔 것""이라며 ""가족 간 분쟁없이 화합을 통해 상속이 잘 마무리한 것 같다""고 평가했다.  유족들은 이날 약 12조5천억원에 달하는 상속세를 납부하면서 1차 세액 2조여원을 예금과 금융권 대출로 마련한 것으로 전해졌다. 2차분부터는 상속세 마련을 위해 그룹 지배구조 하단에 있는 삼성SDS 등 일부 주식을 매각하는 방안 등이 검토되는 것으로 알려졌다.  sms@yna.co.kr(서울=연합뉴스) 김영은 기자 = 0eun@yna.co.kr 페이스북 tuney.kr/LeYN1 트위터 @yonhap_graphics삼성일가, 수천억원 신용대출 받아 상속세 낸다…이재용 사면은 / 연합뉴스 (Yonhapnews) """
